2011-12-19,1.0218
2011-12-20,1.0228
2011-12-21,1.0312
2011-12-22,1.0258
2011-12-23,1.0276
2011-12-26,1.0268
2011-12-27,1.0281
2011-12-28,1.0271
2011-12-29,1.0168
2011-12-30,1.0178
2012-01-05,1.0166
2012-01-06,1.0042
2012-01-09,0.9987
2012-01-10,1.0056
2012-01-11,1.0019
2012-01-12,1
2012-01-13,1.0091
2012-01-16,0.9943
2012-01-17,1
2012-01-18,1.0049
2012-01-19,1.0109
2012-01-23,1.0139
2012-01-24,1.0219
2012-01-25,1.0237
2012-01-26,1.0307
2012-01-27,1.0302
2012-01-30,1.0364
2012-01-31,1.0372
2012-02-01,1.0272
2012-02-02,1.0352
2012-02-03,1.0325
2012-02-06,1.0291
2012-02-07,1.0303
2012-02-08,1.0416
2012-02-09,1.0437
2012-02-10,1.043
2012-02-13,1.042
2012-02-14,1.0347
2012-02-15,1.0351
2012-02-16,1.0231
2012-02-17,1.0323
2012-02-20,1.0387
2012-02-21,1.0431
2012-02-22,1.0402
2012-02-23,1.0424
2012-02-24,1.0515
2012-02-27,1.0575
2012-02-28,1.056
2012-02-29,1.0601
2012-03-01,1.0491
2012-03-02,1.0455
2012-03-05,1.0374
2012-03-06,1.0375
2012-03-07,1.033
2012-03-08,1.033
2012-03-09,1.0432
2012-03-12,1.0296
2012-03-13,1.036
2012-03-14,1.0278
2012-03-15,1.0249
2012-03-16,1.029
2012-03-19,1.0356
2012-03-26,1.0356
2012-03-27,1.0494
2012-03-28,1.0483
2012-03-29,1.0473
2012-03-30,1.0494
2012-04-02,1.0495
2012-04-03,1.0492
2012-04-04,1.0379
2012-04-05,1.0337
2012-04-06,1.0274
2012-04-09,1.027
2012-04-10,1.0325
2012-04-11,1.029
2012-04-12,1.0321
2012-04-13,1.0352
2012-04-16,1.0232
2012-04-17,1.0313
2012-04-18,1.0314
2012-04-19,1.0309
2012-04-20,1.0329
2012-04-23,1.037
2012-04-24,1.0337
2012-04-25,1.0373
2012-04-26,1.0395
2012-04-27,1.0379
2012-04-30,1.0415
2012-05-01,1.0412
2012-05-02,1.0401
2012-05-03,1.0332
2012-05-04,1.0341
2012-05-08,1.0241
2012-05-10,1.0172
2012-05-11,1.0157
2012-05-14,1.013
2012-05-15,1.0084
2012-05-16,1
2012-05-17,1.0017
2012-05-18,0.9958
2012-05-21,1.0053
2012-05-22,1.0048
2012-05-23,0.996
2012-05-24,0.9889
2012-05-25,0.9847
2012-05-29,0.9848
2012-05-30,0.9794
2012-05-31,0.972
2012-06-01,0.9701
2012-06-04,0.9745
2012-06-05,0.984
2012-06-06,0.9822
2012-06-07,0.9875
2012-06-08,0.9841
2012-06-11,0.9925
2012-06-12,0.9823
2012-06-13,0.9816
2012-06-14,0.9882
2012-06-18,0.9982
2012-06-19,0.9907
2012-06-20,0.9958
2012-06-21,0.9956
2012-06-22,0.9862
2012-06-25,0.9854
2012-06-27,0.982
2012-06-28,0.9834
2012-06-29,0.9888
2012-07-02,0.9919
2012-07-03,0.99
2012-07-04,0.9891
2012-07-05,0.9841
2012-07-06,0.9727
2012-07-09,0.9654
2012-07-10,0.9651
2012-07-11,0.9626
2012-07-12,0.9612
2012-07-13,0.9593
2012-07-16,0.9616
2012-07-17,0.9666
2012-07-18,0.9652
2012-07-19,0.9655
2012-07-20,0.9636
2012-07-23,0.9519
2012-07-24,0.9528
2012-07-25,0.9487
2012-07-26,0.9533
2012-07-27,0.9651
2012-07-30,0.9657
2012-07-31,0.965
2012-08-01,0.9659
2012-08-02,0.962
2012-08-03,0.9564
2012-08-06,0.9734
2012-08-07,0.9743
2012-08-08,0.9738
2012-08-09,0.9722
2012-08-10,0.9656
2012-08-13,0.9653
2012-08-14,0.9698
2012-08-15,0.9681
2012-08-16,0.9648
2012-08-17,0.9698
2012-08-20,0.9698
2012-08-22,0.979
2012-08-23,0.9856
2012-08-24,0.9865
2012-08-27,0.9825
2012-08-28,0.9804
2012-08-29,0.9859
2012-08-30,0.9847
2012-08-31,0.983
2012-09-03,0.9876
2012-09-04,0.9906
2012-09-05,0.9846
2012-09-06,0.9901
2012-09-07,0.992
2012-09-10,1.0041
2012-09-11,1.0032
2012-09-12,1.0098
2012-09-13,1.0147
2012-09-14,1.0227
2012-09-17,1.031
2012-09-18,1.0288
2012-09-19,1.0288
2012-09-20,1.0214
2012-09-21,1.019
2012-09-24,1.017
2012-09-25,1.0156
2012-09-26,1.0112
2012-09-27,1.0115
2012-09-28,1.0155
2012-10-01,1.0068
2012-10-02,1.0124
2012-10-03,1.0131
2012-10-04,1.0148
2012-10-05,1.0218
2012-10-08,1.0198
2012-10-09,1.0194
2012-10-10,1.0096
2012-10-11,1.0101
2012-10-12,1.0151
2012-10-15,1.0131
2012-10-16,1.0179
2012-10-17,1.0278
2012-10-18,1.0281
2012-10-19,1.026
2012-10-22,1.0235
2012-10-23,1.0247
2012-10-24,1.0197
2012-10-29,1.0147
2012-10-30,1.0128
2012-10-31,1.0171
2012-11-01,1.0177
2012-11-02,1.0151
2012-11-05,1.0066
2012-11-06,1.0036
2012-11-07,1.0094
2012-11-08,1
2012-11-12,1
2012-11-13,0.9953
2012-11-14,0.9983
2012-11-15,1
2012-11-16,1.0023
2012-11-19,1.0013
2012-11-20,1.0044
2012-11-21,1
2012-11-22,1.008
2012-11-23,1.0114
2012-11-26,1.0172
2012-11-27,1.0191
2012-11-28,1.0151
2012-11-29,1.0167
2012-11-30,1.0197
2012-12-03,1.0231
2012-12-04,1.024
2012-12-05,1.0292
2012-12-06,1.0246
2012-12-07,1.0176
2012-12-10,1.0117
2012-12-11,1.0165
2012-12-12,1.0204
2012-12-13,1.0268
2012-12-14,1.0271
2012-12-17,1.033
2012-12-18,1.0337
2012-12-19,1.0399
2012-12-20,1.0377
2012-12-21,1.0355
2012-12-24,1.0346
2012-12-26,1.0344
2012-12-27,1.0383
2012-12-28,1.0397
2013-01-02,1.0377
2013-01-07,1.0229
2013-01-08,1.0299
2013-01-09,1.0263
2013-01-10,1.0239
2013-01-11,1.0407
2013-01-14,1.0509
2013-01-15,1.0485
2013-01-16,1.0433
2013-01-17,1.0424
2013-01-18,1.0507
2013-01-21,1.0458
2013-01-22,1.0472
2013-01-23,1.0446
2013-01-24,1.0444
2013-01-25,1.0488
2013-01-28,1.0566
2013-01-29,1.0557
2013-01-30,1.058
2013-01-31,1.0644
2013-02-01,1.0687
2013-02-04,1.0686
2013-02-06,1.0654
2013-02-07,1.0605
2013-02-08,1.0521
2013-02-11,1.0496
2013-02-12,1.0508
2013-02-13,1.0555
2013-02-14,1.0548
2013-02-15,1.048
2013-02-18,1.0463
2013-02-19,1.0476
2013-02-20,1.0527
2013-02-21,1.0406
2013-02-22,1.0369
2013-02-25,1.0351
2013-02-26,1.0406
2013-02-27,1.0254
2013-02-28,1.0315
2013-03-01,1.0267
2013-03-04,1.0212
2013-03-05,1.0232
2013-03-06,1.0252
2013-03-07,1.0197
2013-03-08,1.0197
2013-03-11,1.0202
2013-03-12,1.0226
2013-03-13,1.0233
2013-03-14,1.0162
2013-03-15,1.022
2013-03-18,1.0117
2013-03-19,1.0168
2013-03-27,1.008
2013-03-28,1.0034
2013-04-01,1.0029
2013-04-02,1.0097
2013-04-03,1.0047
2013-04-04,1.0081
2013-04-05,1.0144
2013-04-08,1.0191
2013-04-09,1.0237
2013-04-10,1.027
2013-04-11,1.0244
2013-04-12,1.0288
2013-04-15,1.026
2013-04-16,1.0252
2013-04-17,1.0337
2013-04-18,1.0243
2013-04-19,1.0254
2013-04-22,1.026
2013-04-23,1.0227
2013-04-24,1.0199
2013-04-25,1.0234
2013-04-26,1.0228
2013-04-29,1.0239
2013-04-30,1.0275
2013-05-01,1.0328
2013-05-02,1.0332
2013-05-03,1.0256
2013-05-06,1.0296
2013-05-07,1.0261
2013-05-08,1.0269
2013-05-10,1.0233
2013-05-13,1.0174
2013-05-14,1.0205
2013-05-15,1.0151
2013-05-16,1.0097
2013-05-17,1.0089
2013-05-20,1.0083
2013-05-21,1.0112
2013-05-22,1.0136
2013-05-23,1.0081
2013-05-24,1.0139
2013-05-27,1.0139
2013-05-29,1.0085
2013-05-30,1.017
2013-05-31,1.0228
2013-06-03,1.021
2013-06-04,1.0245
2013-06-05,1.0271
2013-06-06,1.0274
2013-06-07,1.0405
2013-06-10,1.0362
2013-06-11,1.0419
2013-06-12,1.0446
2013-06-13,1.0478
2013-06-14,1.0474
2013-06-18,1.0479
2013-06-19,1.0507
2013-06-20,1.0402
2013-06-21,1.0387
2013-06-24,1.0275
2013-06-25,1.0288
2013-06-27,1.0221
2013-06-28,1.0252
2013-07-01,1.0217
2013-07-02,1.0247
2013-07-03,1.0174
2013-07-04,1.0193
2013-07-05,1.0118
2013-07-08,1.0054
2013-07-09,1.0087
2013-07-10,1.0023
2013-07-11,1.0273
2013-07-12,1.0263
2013-07-15,1.0252
2013-07-16,1.0252
2013-07-17,1.0308
2013-07-18,1.0272
2013-07-19,1.0304
2013-07-22,1.032
2013-07-23,1.0353
2013-07-24,1.0361
2013-07-25,1.0357
2013-07-26,1.0417
2013-07-29,1.0419
2013-07-30,1.04
2013-07-31,1.0399
2013-08-01,1.0413
2013-08-02,1.0368
2013-08-05,1.0413
2013-08-06,1.0404
2013-08-07,1.043
2013-08-09,1.043
2013-08-12,1.0452
2013-08-13,1.0441
2013-08-14,1.0405
2013-08-15,1.0426
2013-08-16,1.0471
2013-08-19,1.0453
2013-08-20,1.0473
2013-08-21,1.0527
2013-08-22,1.0463
2013-08-23,1.0471
2013-08-26,1.0498
2013-08-27,1.0491
2013-08-28,1.0498
2013-08-29,1.046
2013-08-30,1.0386
2013-09-02,1.036
2013-09-03,1.0346
2013-09-04,1.0327
2013-09-05,1.0348
2013-09-06,1.0302
2013-09-09,1.0331
2013-09-10,1.0404
2013-09-11,1.0405
2013-09-12,1.0452
2013-09-13,1.0421
2013-09-16,1.0486
2013-09-17,1.0462
2013-09-18,1.0475
2013-09-19,1.0614
2013-09-20,1.062
2013-09-23,1.0611
2013-09-24,1.0585
2013-09-25,1.0563
2013-09-26,1.0608
2013-09-27,1.0575
2013-09-30,1.0593
2013-10-01,1.0617
2013-10-02,1.0608
2013-10-03,1.0675
2013-10-04,1.0688
2013-10-07,1.0641
2013-10-08,1.0638
2013-10-10,1.0588
2013-10-11,1.0618
2013-10-14,1.0637
2013-10-17,1.0626
2013-10-18,1.0717
2013-10-21,1.0724
2013-10-22,1.0719
2013-10-23,1.0815
2013-10-24,1.0817
2013-10-25,1.0835
2013-10-28,1.083
2013-10-29,1.0807
2013-10-30,1.0778
2013-10-31,1.0754
2013-11-01,1.0632
2013-11-04,1.0574
2013-11-05,1.0586
2013-11-06,1.0599
2013-11-07,1.0601
2013-11-08,1.0516
2013-11-12,1.0508
2013-11-13,1.0549
2013-11-14,1.0562
2013-11-15,1.0553
2013-11-18,1.0585
2013-11-19,1.0596
2013-11-21,1.0523
2013-11-22,1.0561
2013-11-25,1.0619
2013-11-26,1.0616
2013-11-27,1.0663
2013-11-28,1.0653
2013-11-29,1.0679
2013-12-02,1.067
2013-12-03,1.0619
2013-12-04,1.0658
2013-12-05,1.0661
2013-12-06,1.0719
2013-12-09,1.075
2013-12-10,1.0789
2013-12-11,1.0793
2013-12-12,1.082
2013-12-13,1.0782
2013-12-16,1.0788
2013-12-17,1.0802
2013-12-18,1.0804
2013-12-19,1.0714
2013-12-20,1.0701
2013-12-23,1.0728
2013-12-24,1.073
2013-12-26,1.0729
2013-12-27,1.0775
2013-12-30,1.078
2014-01-02,1.078
2014-01-06,1.078
2014-01-07,1.0691
2014-01-08,1.0689
2014-01-09,1.0652
2014-01-10,1.0675
2014-01-13,1.0731
2014-01-14,1.0717
2014-01-15,1.0697
2014-01-16,1.0687
2014-01-17,1.068
2014-01-20,1.068
2014-01-21,1.0625
2014-01-22,1.0637
2014-01-23,1.0623
2014-01-24,1.0733
2014-01-27,1.0731
2014-01-28,1.0726
2014-01-29,1.0708
2014-01-30,1.0705
2014-01-31,1.0625
2014-02-03,1.0577
2014-02-04,1.0594
2014-02-05,1.0597
2014-02-06,1.0605
2014-02-07,1.066
2014-02-10,1.0686
2014-02-11,1.0721
2014-02-12,1.0689
2014-02-13,1.0678
2014-02-14,1.0731
2014-02-17,1.0756
2014-02-18,1.0759
2014-02-19,1.0797
2014-02-20,1.079
2014-02-21,1.076
2014-02-24,1.0777
2014-02-25,1.0775
2014-02-26,1.0781
2014-02-27,1.0739
2014-02-28,1.0745
2014-03-03,1.0807
2014-03-04,1.0772
2014-03-05,1.0774
2014-03-06,1.0767
2014-03-07,1.087
2014-03-10,1.087
2014-03-11,1.0878
2014-03-12,1.0865
2014-03-13,1.0932
2014-03-14,1.0872
2014-03-17,1.0904
2014-03-18,1.0926
2014-03-19,1.092
2014-03-27,1.0812
2014-03-28,1.0783
2014-03-31,1.0782
2014-04-01,1.0804
2014-04-02,1.0825
2014-04-03,1.079
2014-04-04,1.0756
2014-04-07,1.0745
2014-04-08,1.0779
2014-04-09,1.0818
2014-04-10,1.0862
2014-04-11,1.09
2014-04-14,1.0866
2014-04-15,1.0836
2014-04-16,1.0837
2014-04-17,1.0854
2014-04-21,1.0833
2014-04-22,1.082
2014-04-23,1.0837
2014-04-24,1.0843
2014-04-25,1.0849
2014-04-28,1.0843
2014-04-29,1.0873
2014-04-30,1.0829
2014-05-01,1.0878
2014-05-02,1.0871
2014-05-05,1.0883
2014-05-06,1.0887
2014-05-07,1.0923
2014-05-08,1.0916
2014-05-12,1.0791
2014-05-13,1.079
2014-05-14,1.076
2014-05-15,1.0763
2014-05-16,1.0761
2014-05-19,1.075
2014-05-20,1.0756
2014-05-21,1.0748
2014-05-22,1.0727
2014-05-23,1.0707
2014-05-26,1.0684
2014-05-27,1.0713
2014-05-29,1.0673
2014-05-30,1.0673
2014-06-02,1.0689
2014-06-03,1.0671
2014-06-04,1.0677
2014-06-05,1.0667
2014-06-06,1.0714
2014-06-09,1.0702
2014-06-10,1.0657
2014-06-11,1.0612
2014-06-12,1.0621
2014-06-13,1.0637
2014-06-17,1.0638
2014-06-18,1.0624
2014-06-19,1.0659
2014-06-20,1.0684
2014-06-23,1.067
2014-06-24,1.0664
2014-06-25,1.0671
2014-06-27,1.0688
2014-06-30,1.0701
2014-07-01,1.0736
2014-07-02,1.0729
2014-07-03,1.0705
2014-07-04,1.0675
2014-07-07,1.0656
2014-07-08,1.0671
2014-07-09,1.068
2014-07-10,1.0703
2014-07-11,1.0669
2014-07-14,1.0671
2014-07-15,1.0681
2014-07-16,1.064
2014-07-17,1.061
2014-07-18,1.0609
2014-07-21,1.0618
2014-07-22,1.0608
2014-07-23,1.056
2014-07-24,1.0557
2014-07-25,1.0561
2014-07-30,1.0516
2014-07-31,1.0506
2014-08-01,1.05
2014-08-04,1.0528
2014-08-05,1.0526
2014-08-06,1.0485
2014-08-07,1.0501
2014-08-08,1.0476
2014-08-11,1.051
2014-08-12,1.0488
2014-08-13,1.0482
2014-08-14,1.048
2014-08-15,1.048
2014-08-18,1.0505
2014-08-19,1.0475
2014-08-20,1.0437
2014-08-21,1.0387
2014-08-22,1.0421
2014-08-25,1.0358
2014-08-26,1.0357
2014-08-27,1.0325
2014-08-28,1.0365
2014-08-29,1.0336
2014-09-01,1.0293
2014-09-02,1.029
2014-09-03,1.0295
2014-09-04,1.0312
2014-09-05,1.0143
2014-09-08,1.015
2014-09-09,1.0099
2014-09-10,1.014
2014-09-11,1.0127
2014-09-12,1.0133
2014-09-15,1.0167
2014-09-16,1.0151
2014-09-17,1.0159
2014-09-18,1.0089
2014-09-19,1.0134
2014-09-22,1.0088
2014-09-23,1.008
2014-09-24,1.0086
2014-09-25,1.0015
2014-09-26,1
2014-09-29,0.9946
2014-09-30,0.9955
2014-10-01,0.9896
2014-10-02,0.9929
2014-10-03,0.9926
2014-10-08,0.9912
2014-10-09,1
2014-10-10,0.9958
2014-10-13,0.9955
2014-10-14,0.9979
2014-10-15,0.9916
2014-10-16,0.9916
2014-10-17,0.9916
2014-10-20,0.9916
2014-10-21,0.9916
2014-10-22,0.9983
2014-10-23,0.9913
2014-10-24,0.9926
2014-10-27,0.9965
2014-10-28,0.9964
2014-10-29,1
2014-10-30,0.9878
2014-10-31,0.9872
2014-11-03,0.9794
2014-11-04,0.982
2014-11-05,0.9851
2014-11-06,0.9821
2014-11-07,0.9706
2014-11-11,0.9741
2014-11-12,0.9779
2014-11-13,0.9762
2014-11-14,0.9763
2014-11-17,0.9843
2014-11-18,0.9785
2014-11-19,0.982
2014-11-20,0.9843
2014-11-21,0.9847
2014-11-24,0.9723
2014-11-25,0.9745
2014-11-26,0.9783
2014-11-27,0.9812
2014-11-28,0.9763
2014-12-01,0.977
2014-12-02,0.9778
2014-12-03,0.9715
2014-12-04,0.9653
2014-12-05,0.9709
2014-12-08,0.964
2014-12-09,0.9659
2014-12-10,0.9724
2014-12-11,0.9766
2014-12-12,0.9727
2014-12-15,0.9762
2014-12-16,0.9772
2014-12-17,0.9801
2014-12-18,0.9684
2014-12-19,0.9631
2014-12-22,0.9602
2014-12-24,0.9547
2014-12-25,0.9579
2014-12-26,0.9582
2014-12-29,0.9567
2014-12-30,0.9522
2015-01-05,0.9367
2015-01-06,0.9372
2015-01-07,0.9316
2015-01-08,0.9275
2015-01-09,0.9262
2015-01-12,0.9297
2015-01-13,0.9283
2015-01-14,0.9245
2015-01-15,0.9237
2015-01-16,0.9125
2015-01-19,0.9065
2015-01-21,0.907
2015-01-22,0.9097
2015-01-23,0.8897
2015-01-26,0.877
2015-01-27,0.8819
2015-01-28,0.8892
2015-01-29,0.8838
2015-01-30,0.8886
2015-02-03,0.8889
2015-02-04,0.8996
2015-02-05,0.8906
2015-02-06,0.8998
2015-02-09,0.889
2015-02-10,0.8888
2015-02-11,0.8876
2015-02-12,0.8872
2015-02-13,0.8965
2015-02-16,0.8962
2015-02-17,0.892
2015-02-18,0.8959
2015-02-19,0.8968
2015-02-20,0.8968
2015-02-23,1.195
2015-02-24,1.1906
2015-02-25,1.1914
2015-02-26,1.1942
2015-02-27,1.1771
2015-03-02,1.1733
2015-03-03,1.1752
2015-03-04,1.172
2015-03-05,1.1607
2015-03-06,1.1566
2015-03-10,1.1327
2015-03-11,1.1208
2015-03-12,1.1023
2015-03-13,1.1123
2015-03-16,1.1019
2015-03-17,1.1081
2015-03-18,1.1118
2015-03-19,1.129
2015-03-20,1.129
2015-03-30,1.1395
2015-03-31,1.1317
2015-04-01,1.1304
2015-04-02,1.1291
2015-04-03,1.1401
2015-04-06,1.1521
2015-04-07,1.1482
2015-04-08,1.1399
2015-04-09,1.133
2015-04-10,1.1235
2015-04-13,1.1161
2015-04-14,1.1106
2015-04-15,1.1167
2015-04-16,1.1244
2015-04-17,1.1308
2015-04-20,1.1333
2015-04-21,1.1269
2015-04-22,1.1267
2015-04-23,1.1252
2015-04-24,1.1332
2015-04-27,1.1396
2015-04-28,1.1419
2015-04-29,1.151
2015-04-30,1.1644
2015-05-01,1.1749
2015-05-04,1.173
2015-05-05,1.1676
2015-05-06,1.1767
2015-05-07,1.1881
2015-05-08,1.1742
2015-05-12,1.1697
2015-05-13,1.1779
2015-05-14,1.1912
2015-05-16,1.1946
2015-05-18,1.1969
2015-05-19,1.1842
2015-05-20,1.168
2015-05-21,1.1662
2015-05-22,1.1688
2015-05-25,1.1529
2015-05-26,1.1485
2015-05-27,1.1423
2015-05-29,1.1498
2015-06-01,1.1493
2015-06-02,1.147
2015-06-03,1.1696
2015-06-04,1.1808
2015-06-05,1.1751
2015-06-08,1.1645
2015-06-09,1.1858
2015-06-10,1.182
2015-06-11,1.1841
2015-06-12,1.1801
2015-06-16,1.1818
2015-06-17,1.1801
2015-06-18,1.19
2015-06-19,1.1911
2015-06-22,1.1921
2015-06-23,1.1804
2015-06-24,1.1727
2015-06-25,1.1755
2015-06-29,1.1558
2015-06-30,1.1733
2015-07-01,1.1679
2015-07-02,1.1612
2015-07-03,1.1635
2015-07-06,1.1577
2015-07-07,1.1575
2015-07-08,1.1539
2015-07-09,1.1615
2015-07-10,1.1643
2015-07-13,1.1674
2015-07-14,1.155
2015-07-15,1.1546
2015-07-16,1.1477
2015-07-21,1.1365
2015-07-22,1.1476
2015-07-23,1.1487
2015-07-24,1.1515
2015-07-27,1.1547
2015-07-28,1.1615
2015-07-29,1.1621
2015-07-30,1.1514
2015-07-31,1.1488
2015-08-03,1.1524
2015-08-04,1.1482
2015-08-05,1.1405
2015-08-06,1.1452
2015-08-07,1.1453
2015-08-10,1.1508
2015-08-11,1.1522
2015-08-12,1.1601
2015-08-13,1.1684
2015-08-14,1.1693
2015-08-17,1.1633
2015-08-18,1.1619
2015-08-19,1.1586
2015-08-20,1.1676
2015-08-21,1.1814
2015-08-24,1.1994
2015-08-25,1.2078
2015-08-26,1.2059
2015-08-27,1.1885
2015-08-28,1.1805
2015-08-31,1.1789
2015-09-01,1.1809
2015-09-02,1.1813
2015-09-03,1.1763
2015-09-04,1.1667
2015-09-07,1.1687
2015-09-08,1.1744
2015-09-09,1.1717
2015-09-10,1.1748
2015-09-11,1.1821
2015-09-14,1.1891
2015-09-15,1.1862
2015-09-16,1.183
2015-09-17,1.1838
2015-09-18,1.1935
2015-09-21,1.1858
2015-09-22,1.1742
2015-09-23,1.1676
2015-09-28,1.1732
2015-09-29,1.1795
2015-09-30,1.1795
2015-10-01,1.1688
2015-10-02,1.172
2015-10-05,1.1766
2015-10-06,1.1724
2015-10-07,1.1817
2015-10-08,1.1796
2015-10-09,1.1819
2015-10-12,1.1914
2015-10-13,1.1898
2015-10-14,1.1927
2015-10-15,1.2019
2015-10-16,1.1921
2015-10-19,1.1898
2015-10-20,1.1876
2015-10-21,1.19
2015-10-22,1.1887
2015-10-23,1.1655
2015-10-26,1.1577
2015-10-27,1.1605
2015-10-28,1.1575
2015-10-29,1.1467
2015-10-30,1.1516
2015-11-02,1.1571
2015-11-03,1.1558
2015-11-04,1.1492
2015-11-05,1.1412
2015-11-06,1.1424
2015-11-10,1.1281
2015-11-11,1.1301
2015-11-12,1.1302
2015-11-13,1.1334
2015-11-16,1.1262
2015-11-17,1.1202
2015-11-18,1.1183
2015-11-19,1.1252
2015-11-20,1.1257
2015-11-23,1.1156
2015-11-24,1.1171
2015-11-25,1.1198
2015-11-26,1.1164
2015-11-27,1.1152
2015-11-30,1.113
2015-12-01,1.1117
2015-12-02,1.1156
2015-12-03,1.1134
2015-12-04,1.1482
2015-12-09,1.1453
2015-12-10,1.1547
2015-12-11,1.1478
2015-12-14,1.1501
2015-12-15,1.1563
2015-12-16,1.1477
2015-12-17,1.1394
2015-12-18,1.1394
2015-12-21,1.685
2015-12-22,1.6939
2015-12-23,1.6978
2015-12-24,1.6974
2015-12-25,1.7043
2015-12-28,1.7079
2015-12-29,1.7094
2015-12-30,1.7046
2016-01-05,1.6895
2016-01-06,1.6796
2016-01-07,1.6913
2016-01-08,1.7009
2016-01-11,1.7072
2016-01-12,1.7069
2016-01-13,1.698
2016-01-14,1.7106
2016-01-15,1.7097
2016-01-18,1.7293
2016-01-19,1.7451
2016-01-21,1.7458
2016-01-22,1.7365
2016-01-25,1.7356
2016-01-26,1.7418
2016-01-27,1.7432
2016-01-28,1.7445
2016-01-29,1.7495
2016-02-01,1.7326
2016-02-02,1.74
2016-02-03,1.7348
2016-02-04,1.7582
2016-02-05,1.7749
2016-02-08,1.761
2016-02-09,1.7695
2016-02-10,1.7734
2016-02-11,1.7684
2016-02-12,1.7789
2016-02-15,1.7631
2016-02-16,1.7488
2016-02-17,1.7506
2016-02-18,1.7424
2016-02-19,1.7395
2016-02-22,1.7336
2016-02-23,1.724
2016-02-24,1.7179
2016-02-25,1.7236
2016-02-26,1.7282
2016-02-29,1.7118
2016-03-01,1.7071
2016-03-02,1.7117
2016-03-03,1.7204
2016-03-04,1.7536
2016-03-07,1.7699
2016-03-09,1.7807
2016-03-10,1.7907
2016-03-11,1.8378
2016-03-14,1.832
2016-03-15,1.8127
2016-03-16,1.7966
2016-03-17,1.8063
2016-03-18,1.8066
2016-03-28,1.7722
2016-03-29,1.7611
2016-03-30,1.7608
2016-03-31,1.7453
2016-04-01,1.7331
2016-04-04,1.7182
2016-04-05,1.7271
2016-04-06,1.7246
2016-04-07,1.7328
2016-04-08,1.7309
2016-04-11,1.7422
2016-04-12,1.7412
2016-04-13,1.7349
2016-04-14,1.7139
2016-04-15,1.714
2016-04-18,1.7119
2016-04-19,1.7176
2016-04-20,1.7188
2016-04-21,1.7087
2016-04-22,1.7028
2016-04-25,1.6902
2016-04-26,1.69
2016-04-27,1.6983
2016-04-28,1.7067
2016-04-29,1.7174
2016-05-02,1.7283
2016-05-03,1.7377
2016-05-04,1.7336
2016-05-05,1.7322
2016-05-06,1.722
2016-05-10,1.7168
2016-05-11,1.7172
2016-05-12,1.7237
2016-05-13,1.7163
2016-05-16,1.7036
2016-05-17,1.7008
2016-05-18,1.6948
2016-05-19,1.6848
2016-05-20,1.6787
2016-05-23,1.6798
2016-05-24,1.6738
2016-05-25,1.6614
2016-05-26,1.666
2016-05-27,1.6677
2016-05-31,1.6598
2016-06-01,1.6595
2016-06-02,1.6734
2016-06-03,1.6695
2016-06-06,1.7005
2016-06-07,1.7063
2016-06-08,1.7124
2016-06-09,1.7203
2016-06-10,1.707
2016-06-13,1.7005
2016-06-14,1.707
2016-06-16,1.7082
2016-06-17,1.7074
2016-06-20,1.7307
2016-06-21,1.7273
2016-06-22,1.7201
2016-06-23,1.7347
2016-06-24,1.6787
2016-06-28,1.696
2016-06-29,1.7004
2016-06-30,1.709
2016-07-01,1.7119
2016-07-04,1.7176
2016-07-05,1.716
2016-07-08,1.7131
2016-07-11,1.7108
2016-07-12,1.7191
2016-07-13,1.7203
2016-07-14,1.7308
2016-07-15,1.7335
2016-07-18,1.7261
2016-07-19,1.7313
2016-07-20,1.7252
2016-07-21,1.7314
2016-07-22,1.7345
2016-07-25,1.7259
2016-07-26,1.7338
2016-07-27,1.7366
2016-07-28,1.7512
2016-07-29,1.7564
2016-08-01,1.7721
2016-08-02,1.7749
2016-08-03,1.7845
2016-08-04,1.7775
2016-08-05,1.7797
2016-08-08,1.7774
2016-08-09,1.7738
2016-08-10,1.7886
2016-08-11,1.7938
2016-08-12,1.7936
2016-08-15,1.7967
2016-08-16,1.8057
2016-08-17,1.8212
2016-08-18,1.8272
2016-08-19,1.837
2016-08-22,1.8281
2016-08-23,1.8369
2016-08-24,1.8349
2016-08-25,1.8308
2016-08-26,1.8374
2016-08-29,1.8238
2016-08-30,1.8188
2016-08-31,1.8209
2016-09-01,1.8204
2016-09-02,1.8327
2016-09-05,1.8281
2016-09-06,1.8239
2016-09-07,1.8457
2016-09-08,1.8454
2016-09-09,1.8498
2016-09-14,1.8398
2016-09-15,1.8409
2016-09-16,1.8406
2016-09-19,1.8281
2016-09-20,1.8291
2016-09-21,1.8176
2016-09-22,1.8292
2016-09-23,1.8241
2016-09-27,1.832
2016-09-28,1.8223
2016-09-29,1.825
2016-09-30,1.8187
2016-10-03,1.8166
2016-10-04,1.8071
2016-10-05,1.8077
2016-10-06,1.7956
2016-10-07,1.7827
2016-10-10,1.7914
2016-10-11,1.7822
2016-10-12,1.7663
2016-10-13,1.7609
2016-10-14,1.7613
2016-10-17,1.7543
2016-10-18,1.7592
2016-10-19,1.7566
2016-10-20,1.7573
2016-10-21,1.7543
2016-10-24,1.7549
2016-10-25,1.7638
2016-10-26,1.7737
2016-10-27,1.7753
2016-10-28,1.7863
2016-10-31,1.7967
2016-11-01,1.7959
2016-11-02,1.8254
2016-11-03,1.8329
2016-11-04,1.8413
2016-11-07,1.8377
2016-11-08,1.8424
2016-11-10,1.8336
2016-11-11,1.8397
2016-11-14,1.8307
2016-11-15,1.822
2016-11-16,1.8302
2016-11-17,1.8225
2016-11-18,1.8128
2016-11-21,1.8108
2016-11-22,1.8166
2016-11-23,1.822
2016-11-24,1.8077
2016-11-25,1.8176
2016-11-28,1.8331
2016-11-29,1.8278
2016-11-30,1.8417
2016-12-01,1.836
2016-12-02,1.8516
2016-12-05,1.8297
2016-12-06,1.8651
2016-12-07,1.8625
2016-12-08,1.8716
2016-12-09,1.8487
2016-12-12,1.8396
2016-12-13,1.8535
2016-12-14,1.859
2016-12-15,1.8369
2016-12-16,1.8277
2016-12-19,1.8335
2016-12-20,1.8229
2016-12-21,1.83
2016-12-22,1.8344
2016-12-23,1.8412
2016-12-26,1.8438
2016-12-27,1.84
2016-12-28,1.8488
2016-12-29,1.8467
2016-12-30,1.8644
2017-01-03,1.844591311
2017-01-04,1.85888086
2017-01-05,1.8638
2017-01-06,1.8773
2017-01-09,1.8677
2017-01-10,1.8824
2017-01-11,1.8719
2017-01-12,1.8809
2017-01-13,1.897
2017-01-16,1.8959
2017-01-17,1.9201
2017-01-18,1.9302
2017-01-19,1.9483
2017-01-23,1.9659
2017-01-24,1.9957
2017-01-25,1.991
2017-01-26,2.0511
2017-01-27,2.0353
2017-01-30,2.0563
2017-01-31,2.05
2017-02-01,2.0719
2017-02-02,2.0706
2017-02-03,2.0561
2017-02-06,2.0593
2017-02-07,2.0102
2017-02-08,1.9489
2017-02-09,1.9507
2017-02-10,1.8445
2017-02-13,1.8378
2017-02-14,1.8358
2017-02-15,1.8293
2017-02-16,1.8359
2017-02-17,1.8522
2017-02-20,1.8425
2017-02-21,1.8361
2017-02-22,1.8399
2017-02-23,1.8426
2017-02-24,1.849
2017-02-27,1.8466
2017-02-28,1.8505
2017-03-01,1.8483
2017-03-02,1.8449
2017-03-03,1.846
2017-03-06,1.8604
2017-03-07,1.8572
2017-03-09,1.8494
2017-03-10,1.8477
2017-03-13,1.8658
2017-03-14,1.8577
2017-03-15,1.8344
2017-03-16,1.8532
2017-03-17,1.8529
2017-03-21,1.8055873
2017-03-22,1.8020636
2017-03-23,1.8008612
2017-03-24,1.8031157
2017-03-25,1.804268
2017-03-26,1.8113822
2017-03-27,1.8654
2017-03-28,1.8691
2017-03-29,1.8623
2017-03-30,1.8536
2017-03-31,1.8407
2017-04-03,1.8417
2017-04-04,1.8401
2017-04-05,1.8295
2017-04-06,1.8296
2017-04-07,1.8135
2017-04-10,1.8029
2017-04-11,1.8033
2017-04-12,1.8058
2017-04-13,1.8175
2017-04-14,1.8075
2017-04-17,1.808
2017-04-18,1.8124
2017-04-19,1.8246
2017-04-20,1.826
2017-04-21,1.8242
2017-04-24,1.8484
2017-04-25,1.8492
2017-04-26,1.8627
2017-04-27,1.8566
2017-04-28,1.8495
2017-05-01,1.8542
2017-05-02,1.8579
2017-05-03,1.8615
2017-05-04,1.8549
2017-05-05,1.8702
2017-05-08,1.8683
2017-05-10,1.8544
2017-05-11,1.8508
2017-05-12,1.8509
2017-05-15,1.8609
2017-05-16,1.8715
2017-05-17,1.8905
2017-05-18,1.8971
2017-05-19,1.8916
2017-05-22,1.9047
2017-05-23,1.9152
2017-05-24,1.9029
2017-05-25,1.9133
2017-05-26,1.9062
2017-05-30,1.8939
2017-05-31,1.9016
2017-06-01,1.9141
2017-06-02,1.9097
2017-06-05,1.9177
2017-06-06,1.918
2017-06-07,1.9174
2017-06-08,1.9162
2017-06-09,1.9076
2017-06-12,1.9076
2017-06-13,1.9053
2017-06-14,1.9092
2017-06-16,1.8971
2017-06-19,1.9055
2017-06-20,1.899
2017-06-21,1.8952
2017-06-22,1.9015
2017-06-23,1.8999
2017-06-27,1.8932122
2017-06-28,1.9007773
2017-06-29,1.9408
2017-06-30,1.9474
2017-07-03,1.9426
2017-07-04,1.9356
2017-07-05,1.9328
2017-07-06,1.9302
2017-07-07,1.9431
2017-07-10,1.9412
2017-07-11,1.9386
2017-07-12,1.9548
2017-07-13,1.9467
2017-07-14,1.9409
2017-07-17,1.9509
2017-07-18,1.9623
2017-07-19,1.9632
2017-07-20,1.959
2017-07-21,1.9783
2017-07-24,1.9856
2017-07-25,1.9839
2017-07-26,1.9798
2017-07-27,1.9984
2017-07-28,1.9877
2017-07-31,1.9963
2017-08-01,2.0122
2017-08-02,2.0112
2017-08-03,2.0149
2017-08-04,2.0206
2017-08-07,2.0061
2017-08-08,2.0092
2017-08-09,1.9965
2017-08-10,1.996
2017-08-11,2.0025
2017-08-14,2.0095
2017-08-15,2.003
2017-08-16,1.9972
2017-08-17,2.0035
2017-08-18,1.9963
2017-08-21,1.9988
2017-08-22,2.0081
2017-08-23,2.0003
2017-08-24,2.0075
2017-08-25,2.0067
2017-08-28,2.0276
2017-08-29,2.0367
2017-08-30,2.0367
2017-08-31,2.0204
2017-09-04,1.9861477
2017-09-05,2.0251
2017-09-06,2.0265
2017-09-07,2.0283
2017-09-08,2.0526
2017-09-11,2.0422
2017-09-12,2.0335
2017-09-13,2.0382
2017-09-14,2.0205
2017-09-15,2.026
2017-09-18,2.0309
2017-09-19,2.0368
2017-09-20,2.0421
2017-09-21,2.0209
2017-09-22,2.0342
2017-09-25,2.0296
2017-09-26,2.016
2017-09-27,2.0026
2017-09-28,1.9946
2017-09-29,2.0027
2017-10-02,2.0023
2017-10-03,1.9904
2017-10-04,2.0005
2017-10-05,1.9994
2017-10-06,1.9891
2017-10-09,1.9953
2017-10-10,2.0011
2017-10-11,2.0087
2017-10-12,2.0194
2017-10-13,2.0141
2017-10-16,2.008
2017-10-17,2.0028
2017-10-18,2
2017-10-19,2.0063
2017-10-20,2.0087
2017-10-23,2.001
2017-10-24,1.9997
2017-10-25,1.9991
2017-10-26,2.0107
2017-10-27,1.9782
2017-10-30,1.9751
2017-10-31,1.9767
2017-11-01,1.9776
2017-11-02,1.9821
2017-11-03,1.9829
2017-11-06,1.9739
2017-11-07,1.9734
2017-11-08,1.9721
2017-11-10,1.9798
2017-11-13,1.9812
2017-11-14,1.9846
2017-11-15,2.0051
2017-11-16,2.0022
2017-11-17,2.007
2017-11-20,1.9941
2017-11-21,1.9959
2017-11-22,1.9963
2017-11-23,2.0123
2017-11-24,2.0152
2017-11-27,2.0272
2017-11-28,2.0239
2017-11-29,2.0147
2017-11-30,2.0167
2017-12-01,2.025
2017-12-04,2.0181
2017-12-05,2.018
2017-12-06,2.0126
2017-12-07,2.0057
2017-12-08,1.9995
2017-12-11,2.0024
2017-12-12,2.0012
2017-12-13,1.9983
2017-12-14,2.0116
2017-12-15,2.0032
2017-12-18,1.9994
2017-12-19,2.0048
2017-12-20,2.0132
2017-12-21,2.0176
2017-12-22,2.0144
2017-12-25,2.0158
2017-12-26,2.0179
2017-12-27,2.0188
2017-12-28,2.0259
2017-12-29,2.0307
2018-01-02,2.0145043
2018-01-03,2.0056366
2018-01-04,2.0431
2018-01-08,2.0527
2018-01-09,2.0346
2018-01-10,2.0293
2018-01-11,2.0312
2018-01-12,2.0492
2018-01-15,2.0761
2018-01-16,2.0859
2018-01-17,2.0827
2018-01-18,2.0734
2018-01-19,2.0849
2018-01-22,2.078
2018-01-23,2.0842
2018-01-24,2.0948
2018-01-25,2.1143
2018-01-26,2.1119
2018-01-29,2.1104
2018-01-30,2.1029
2018-01-31,2.1116
2018-02-01,2.1116
2018-02-02,2.1238
2018-02-05,2.118
2018-02-06,2.1007
2018-02-07,2.1062
2018-02-08,2.0841
2018-02-09,2.0833
2018-02-12,2.0888
2018-02-13,2.0919
2018-02-14,2.1043
2018-02-15,2.1179
2018-02-16,2.1335
2018-02-19,2.1108
2018-02-20,2.106
2018-02-21,2.0949
2018-02-22,2.0865
2018-02-23,2.0914
2018-02-26,2.0932
2018-02-27,2.0954
2018-02-28,2.0781
2018-03-01,2.073
2018-03-02,2.0873
2018-03-05,2.0948
2018-03-06,2.0992
2018-03-07,2.1106
2018-03-09,2.0933
2018-03-12,2.0953
2018-03-13,2.0957
2018-03-14,2.1093
2018-03-15,2.1047
2018-03-16,2.0928
2018-03-19,2.0853
2018-03-20,2.0853
2018-03-21,2.0853
2018-03-22,2.0853
2018-03-23,2.0853
2018-03-26,2.0853
2018-03-27,2.1164
2018-03-28,2.1094
2018-03-29,2.0962
2018-03-30,2.0933
2018-04-02,2.0938
2018-04-03,2.0926
2018-04-04,2.0873
2018-04-05,2.0871
2018-04-06,2.0809
2018-04-09,2.087
2018-04-10,2.0938
2018-04-11,2.0938
2018-04-12,2.1009
2018-04-13,2.0958
2018-04-16,2.0964
2018-04-17,2.1051
2018-04-18,2.1041
2018-04-19,2.1043
2018-04-20,2.0981
2018-04-23,2.0862
2018-04-24,2.0763
2018-04-25,2.0771
2018-04-26,2.07
2018-04-27,2.059
2018-04-30,2.0618
2018-05-01,2.0522
2018-05-02,2.0404
2018-05-03,2.0378
2018-05-04,2.0377
2018-05-07,2.0333
2018-05-08,2.0252
2018-05-09,2.0252
2018-05-10,2.0185
2018-05-11,2.0255
2018-05-14,2.0326
2018-05-15,2.0252
2018-05-16,2.0115
2018-05-17,2.0093
2018-05-18,2.0069
2018-05-21,1.9978
2018-05-22,2.0016
2018-05-23,2.0001
2018-05-24,1.9904
2018-05-25,1.9906
2018-05-28,1.9906
2018-05-29,1.977
2018-05-30,1.962
2018-05-31,1.9829
2018-06-01,1.9852
2018-06-04,1.9875
2018-06-05,1.9869
2018-06-06,1.9916
2018-06-07,2.0052
2018-06-08,2.0074
2018-06-11,2.0057
2018-06-12,2.0006
2018-06-13,1.9963
2018-06-14,2.0067
2018-06-18,1.97123415
2018-06-19,1.964166
2018-06-20,1.9671
2018-06-21,1.9658
2018-06-22,1.9745
2018-06-25,1.981
2018-06-27,1.9814
2018-06-28,1.9657
2018-06-29,1.9814
2018-07-02,1.9798
2018-07-03,1.9776
2018-07-04,1.9828
2018-07-05,1.9817
2018-07-06,1.9872
2018-07-09,1.9992
2018-07-10,1.996
2018-07-11,1.9937
2018-07-12,1.9859
2018-07-13,1.9817
2018-07-16,1.9874
2018-07-17,1.9921
2018-07-18,1.9794
2018-07-19,1.9801
2018-07-20,1.9828
2018-07-23,1.9947
2018-07-24,1.9851
2018-07-25,1.9855
2018-07-26,1.9944
2018-07-27,1.9801
2018-07-30,1.9814
2018-07-31,1.992
2018-08-01,1.9853
2018-08-02,1.9802
2018-08-03,1.9706
2018-08-06,1.9644
2018-08-07,1.9649
2018-08-08,1.976
2018-08-09,1.9726
2018-08-10,1.958
2018-08-13,1.933
2018-08-14,1.9383
2018-08-15,1.9254
2018-08-16,1.9349
2018-08-17,1.9343
2018-08-20,1.9423
2018-08-21,1.9602
2018-08-24,1.9656
2018-08-27,1.9753
2018-08-28,1.9846
2018-08-29,1.9882
2018-08-30,1.9887
2018-08-31,1.9859
2018-09-03,1.9729
2018-09-04,1.9727
2018-09-05,1.9712
2018-09-06,1.9778
2018-09-07,1.977
2018-09-10,1.963
2018-09-11,1.9722
2018-09-12,1.9699
2018-09-13,1.9762
2018-09-14,1.9883
2018-09-17,1.9781
2018-09-18,1.9876
2018-09-19,1.9848
2018-09-20,1.9852
2018-09-21,2.0024
2018-09-24,1.9967
2018-09-25,1.996
2018-09-26,1.9996
2018-09-27,1.9976
2018-09-28,1.9799
2018-10-01,1.9712
2018-10-02,1.9668
2018-10-03,1.9681
2018-10-04,1.9494
2018-10-05,1.9567
2018-10-08,1.9571
2018-10-09,1.9546
2018-10-10,1.9561
2018-10-11,1.9655
2018-10-12,1.9729
2018-10-15,1.9635
2018-10-16,1.9673
2018-10-17,1.9649
2018-10-18,1.955
2018-10-19,1.9479
2018-10-22,1.957
2018-10-23,1.9474
2018-10-24,1.9496
2018-10-25,1.9398
2018-10-26,1.9325
2018-10-29,1.9366
2018-10-30,1.9348
2018-10-31,1.9281
2018-11-01,1.9284
2018-11-02,1.9396
2018-11-05,1.9353
2018-11-06,1.938
2018-11-07,1.9478
2018-11-08,1.9423
2018-11-12,1.9245
2018-11-13,1.9117
2018-11-14,1.919
2018-11-15,1.9274
2018-11-16,1.9267
2018-11-19,1.9377
2018-11-20,1.9459
2018-11-21,1.934
2018-11-22,1.9368
2018-11-23,1.9403
2018-11-26,1.9289
2018-11-27,1.9273
2018-11-28,1.9202
2018-11-29,1.9356
2018-11-30,1.9367
2018-12-03,1.9294
2018-12-04,1.9339
2018-12-05,1.9258
2018-12-06,1.9291
2018-12-07,1.9335
2018-12-10,1.9424
2018-12-11,1.9326
2018-12-12,1.9254
2018-12-13,1.9322
2018-12-14,1.9314
2018-12-17,1.923
2018-12-18,1.9292
2018-12-19,1.9349
2018-12-20,1.9355
2018-12-21,1.9455
2018-12-24,1.9366
2018-12-25,1.9407
2018-12-26,1.9389
2018-12-27,1.9354
2018-12-28,1.9468
2019-01-01,1.9426056
2019-01-02,1.9183332
2019-01-03,1.9323
2019-01-04,1.9369
2019-01-07,1.9415
2019-01-08,1.9446
2019-01-09,1.9482
2019-01-10,1.9647
2019-01-11,1.96
2019-01-14,1.951
2019-01-15,1.9515
2019-01-16,1.9398
2019-01-17,1.935
2019-01-18,1.9369
2019-01-21,1.9343
2019-01-22,1.9309
2019-01-23,1.9323
2019-01-24,1.9356
2019-01-25,1.9245
2019-01-28,1.9411
2019-01-29,1.9434
2019-01-30,1.9448
2019-01-31,1.9555
2019-02-01,1.9452
2019-02-04,1.9452
2019-02-05,1.9434
2019-02-06,1.9383
2019-02-07,1.9316
2019-02-08,1.928
2019-02-11,1.9243
2019-02-12,1.917
2019-02-13,1.9271
2019-02-14,1.9176
2019-02-15,1.9187
2019-02-18,1.923
2019-02-19,1.9202
2019-02-20,1.9284
2019-02-21,1.9295
2019-02-22,1.927
2019-02-25,1.928
2019-02-26,1.9309
2019-02-27,1.9339
2019-02-28,1.934
2019-03-01,1.9337
2019-03-04,1.9321
2019-03-05,1.9262
2019-03-06,1.9208
2019-03-07,1.9217
2019-03-11,1.9097
2019-03-12,1.9128
2019-03-13,1.9181
2019-03-14,1.9242
2019-03-15,1.9241
2019-03-18,1.9271
2019-03-19,1.9288
2019-03-27,1.9139
2019-03-28,1.9133
2019-03-29,1.909
2019-04-01,1.9098
2019-04-02,1.9043
2019-04-03,1.9078
2019-04-04,1.9109
2019-04-05,1.9086
2019-04-08,1.9092
2019-04-09,1.9151
2019-04-10,1.9145
2019-04-11,1.9175
2019-04-12,1.9195
2019-04-15,1.9225
2019-04-16,1.9219
2019-04-17,1.9216
2019-04-18,1.9202
2019-04-19,1.9105
2019-04-22,1.9105
2019-04-23,1.9126
2019-04-24,1.9068
2019-04-25,1.8968
2019-04-26,1.8931
2019-04-29,1.8966
2019-04-30,1.902
2019-05-01,1.907
2019-05-02,1.9053
2019-05-03,1.8986
2019-05-07,1.9063
2019-05-08,1.9049
2019-05-10,1.9083
2019-05-13,1.909
2019-05-14,1.9107
2019-05-15,1.9056
2019-05-16,1.9057
2019-05-17,1.9005
2019-05-20,1.8962
2019-05-21,1.897
2019-05-22,1.8964
2019-05-23,1.8952
2019-05-24,1.9008
2019-05-27,1.9052
2019-05-29,1.8981
2019-05-30,1.8938
2019-05-31,1.8918
2019-06-03,1.9001
2019-06-04,1.912
2019-06-07,1.9155
2019-06-10,1.9223
2019-06-11,1.9239
2019-06-12,1.9268
2019-06-13,1.9206
2019-06-14,1.9164
2019-06-18,1.9097
2019-06-19,1.902
2019-06-20,1.9143
2019-06-21,1.9202
2019-06-24,1.9338
2019-06-25,1.9396
2019-06-28,1.9318
2019-07-01,1.9293
2019-07-02,1.919
2019-07-03,1.919
2019-07-04,1.9186
2019-07-05,1.9178
2019-07-08,1.9096
2019-07-09,1.907
2019-07-10,1.9053
2019-07-11,1.917
2019-07-12,1.9162
2019-07-15,1.9162
2019-07-16,1.9142
2019-07-17,1.9066
2019-07-18,1.9102
2019-07-19,1.9142
2019-07-22,1.9069
2019-07-23,1.9027
2019-07-24,1.8947
2019-07-25,1.8929
2019-07-26,1.8951
2019-07-29,1.8916
2019-07-30,1.8933
2019-07-31,1.8964
2019-08-01,1.8788
2019-08-02,1.8839
2019-08-05,1.8918
2019-08-06,1.9046
2019-08-07,1.9059
2019-08-08,1.9056
2019-08-09,1.9032
2019-08-14,1.8992
2019-08-15,1.8958
2019-08-16,1.8876
2019-08-19,1.8856
2019-08-20,1.8846
2019-08-21,1.8859
2019-08-22,1.884
2019-08-23,1.8816
2019-08-26,1.8943
2019-08-27,1.8868
2019-08-28,1.8848
2019-08-29,1.8839
2019-08-30,1.8777
2019-09-02,1.868
2019-09-03,1.8597
2019-09-04,1.8657
2019-09-05,1.8747
2019-09-06,1.8764
2019-09-09,1.8746
2019-09-10,1.8774
2019-09-11,1.8788
2019-09-12,1.8724
2019-09-13,1.8818
2019-09-16,1.8825
2019-09-17,1.8722
2019-09-18,1.8811
2019-09-19,1.8766
2019-09-20,1.8799
2019-09-23,1.8739
2019-09-24,1.8684
2019-09-25,1.8692
2019-09-26,1.8635
2019-09-27,1.8568
2019-09-30,1.8592
2019-10-01,1.8515
2019-10-02,1.8587
2019-10-03,1.8629
2019-10-04,1.8651
2019-10-07,1.8666
2019-10-08,1.866
2019-10-09,1.8636
2019-10-10,1.8677
2019-10-11,1.8726
2019-10-14,1.8752
2019-10-15,1.8748
2019-10-16,1.8751
2019-10-17,1.8829
2019-10-18,1.8907
2019-10-21,1.8968
2019-10-22,1.8961
2019-10-23,1.8906
2019-10-24,1.8929
2019-10-25,1.8874
2019-10-28,1.8874
2019-10-29,1.8859
2019-10-30,1.8885
2019-11-01,1.898
2019-11-04,1.8986
2019-11-05,1.8911
2019-11-06,1.882
2019-11-07,1.88
2019-11-08,1.8782
2019-11-12,1.8757
2019-11-13,1.8725
2019-11-14,1.8701
2019-11-15,1.8744
2019-11-18,1.8804
2019-11-19,1.8828
2019-11-20,1.8823
2019-11-21,1.8828
2019-11-22,1.8808
2019-11-25,1.8737
2019-11-26,1.8723
2019-11-27,1.872
2019-11-28,1.8711
2019-11-29,1.8718
2019-12-02,1.8718
2019-12-03,1.8826
2019-12-04,1.8828
2019-12-05,1.8841
2019-12-06,1.8883
2019-12-09,1.8796
2019-12-10,1.8813
2019-12-11,1.8853
2019-12-12,1.8941
2019-12-13,1.8991
2019-12-16,1.8926
2019-12-17,1.895
2019-12-18,1.8923
2019-12-19,1.8914
2019-12-20,1.8896
2019-12-24,1.885
2019-12-25,1.8846
2019-12-26,1.8852
2019-12-27,1.8905
2019-12-30,1.9035
2020-01-07,1.9025
2020-01-08,1.8952
2020-01-09,1.8896
2020-01-10,1.8883
2020-01-13,1.8917
2020-01-14,1.8932
2020-01-15,1.8925
2020-01-16,1.8958
2020-01-17,1.8924
2020-01-21,1.8868
2020-01-22,1.884
2020-01-23,1.8845
2020-01-24,1.8872
2020-01-27,1.8748
2020-01-28,1.8738
2020-01-29,1.8722
2020-01-30,1.873
2020-01-31,1.8742
2020-02-03,1.8839
2020-02-04,1.8802
2020-02-05,1.8758
2020-02-06,1.8693
2020-02-07,1.8669
2020-02-10,1.8627
2020-02-11,1.8544
2020-02-12,1.855
2020-02-13,1.8477
2020-02-14,1.8416
2020-02-17,1.8425
2020-02-18,1.8412
2020-02-19,1.8355
2020-02-20,1.8358
2020-02-21,1.8352
2020-02-24,1.8397
2020-02-25,1.8463
2020-02-26,1.8478
2020-02-27,1.855
2020-02-28,1.8688
2020-03-02,1.8784
2020-03-03,1.8946
2020-03-04,1.8974
2020-03-05,1.8937
2020-03-06,1.9092
2020-03-10,1.9332
2020-03-11,1.9284
2020-03-12,1.9201
2020-03-13,1.9074
2020-03-16,1.8927
2020-03-17,1.9003
2020-03-18,1.8754
2020-03-19,1.8528
2020-03-30,1.8842
2020-03-31,1.8737
2020-04-01,1.874
2020-04-02,1.8594
2020-04-03,1.8427
2020-04-06,1.8385
2020-04-07,1.8398
2020-04-08,1.8473
2020-04-09,1.8477
2020-04-10,1.8595
2020-04-13,1.8592
2020-04-14,1.8602
2020-04-15,1.8657
2020-04-16,1.8488
2020-04-17,1.8479
2020-04-20,1.8482
2020-04-21,1.8415
2020-04-22,1.8443
2020-04-23,1.8386
2020-04-24,1.8308
2020-04-27,1.8432
2020-04-28,1.8394
2020-04-29,1.8445
2020-04-30,1.8459
2020-05-01,1.8607
2020-05-04,1.8595
2020-05-05,1.8533
2020-05-06,1.8428
2020-05-07,1.8357
2020-05-08,1.8433
2020-05-12,1.8372
2020-05-13,1.8437
2020-05-14,1.8377
2020-05-15,1.8369
2020-05-18,1.8395
2020-05-19,1.8548
2020-05-20,1.86
2020-05-21,1.8633
2020-05-22,1.858
2020-06-01,1.8927
2020-06-02,1.8914
2020-06-03,1.9044
2020-06-04,1.9066
2020-06-05,1.9289
2020-06-08,1.919
2020-06-09,1.9187
2020-06-10,1.9282
2020-06-11,1.9297
2020-06-12,1.9206
2020-06-16,1.9267
2020-06-17,1.9161
2020-06-18,1.9134
2020-06-19,1.9065
2020-06-22,1.9043
2020-06-23,1.9146
2020-06-24,1.9234
2020-06-25,1.9125
2020-06-29,1.9114
2020-06-30,1.9105
2020-07-01,1.9073
2020-07-02,1.915
2020-07-03,1.909
2020-07-06,1.9187
2020-07-07,1.923
2020-07-08,1.9171
2020-07-09,1.932
2020-07-10,1.9163
2020-07-13,1.9248
2020-07-14,1.9288
2020-07-15,1.9371
2020-07-16,1.9389
2020-07-17,1.9355
2020-07-20,1.9452
2020-07-21,1.9428
2020-07-22,1.9615
2020-07-23,1.9687
2020-07-24,1.9716
2020-07-27,1.9898
2020-07-28,1.9945
2020-07-29,1.9939
2020-07-30,2.0003
2020-08-04,2.0018
2020-08-05,2.0088
2020-08-06,2.0195
2020-08-07,2.012
2020-08-10,2.0046
2020-08-11,1.9979
2020-08-12,1.9915
2020-08-13,2.0061
2020-08-14,2.0083
2020-08-17,2.0156
2020-08-18,2.0219
2020-08-19,2.0284
2020-08-20,2.0141
2020-08-21,2.019
2020-08-24,2.0052
2020-08-25,2.008
2020-08-26,2.008
2020-08-27,2.0114
2020-08-28,2.0187
2020-08-31,2.0232
2020-09-01,2.0382
2020-09-02,2.024
2020-09-03,2.0074
2020-09-04,2.0148
2020-09-07,2.0117
2020-09-08,2.008
2020-09-09,2.0025
2020-09-10,2.0092
2020-09-11,2.012
2020-09-14,2.0141
2020-09-15,2.0221
2020-09-16,2.0141
2020-09-17,1.9988
2020-09-18,2.0142
2020-09-21,2.0173
2020-09-22,2.0006
2020-09-23,1.9854
2020-09-24,1.981
2020-09-25,1.9837
2020-09-28,1.9775
2020-10-01,1.9775
2020-10-06,1.9775
2020-10-07,1.9775
2020-10-08,1.9775
2020-10-09,1.9775
2020-10-13,1.9775
2020-10-14,1.9775
2020-10-15,1.9775
2020-10-16,1.9775
2020-10-19,1.9775
2020-10-20,1.9775
2020-10-21,1.9775
2020-10-22,1.9775
2020-10-23,1.9775
2020-10-26,1.9775
2020-10-27,1.9775
2020-10-28,1.9775
2020-10-29,1.9775
2020-10-30,1.9775
2020-11-02,1.9775
2020-11-03,1.9775
2020-11-04,1.9775
2020-11-05,1.9775
2020-11-06,1.9775
2020-11-09,1.9775
2020-11-10,1.9775
2020-11-11,1.9775
2020-11-12,1.9775
2020-11-13,1.9775
2020-11-17,2.0191
2020-11-18,2.0191
2020-11-19,2.0191
2020-11-20,2.0191
2020-11-23,2.0182
2020-11-24,2.0137
2020-11-25,2.0246
2020-11-26,2.0272
2020-11-27,2.0271
2020-11-30,2.0344
2020-12-01,2.0328
2020-12-02,2.0535
2020-12-03,2.0603
2020-12-04,2.0647
2020-12-07,2.0628
2020-12-08,2.0594
2020-12-09,2.0616
2020-12-10,2.0564
2020-12-11,2.0669
2020-12-14,2.0625
2020-12-15,2.0652
2020-12-16,2.0675
2020-12-17,2.0786
2020-12-18,2.0812
2020-12-21,2.0717
2020-12-22,2.0783
2020-12-23,2.0717
2020-12-24,2.0746
2020-12-25,2.0738
2020-12-28,2.0763
2020-12-29,2.0805
2020-12-30,2.089
2021-01-05,2.0854
2021-01-06,2.0907
2021-01-07,2.0958
2021-01-08,2.0841
2021-01-11,2.0687
2021-01-12,2.0641
2021-01-13,2.0762
2021-01-14,2.0649
2021-01-15,2.0652
2021-01-18,2.0516
2021-01-19,2.0562
2021-01-21,2.0623
2021-01-22,2.0695
2021-01-25,2.0705
2021-01-26,2.063
2021-01-27,2.0665
2021-01-28,2.0554
2021-01-29,2.0567
2021-02-01,2.0622
2021-02-02,2.0539
2021-02-03,2.0471
2021-02-04,2.0434
2021-02-05,2.0322
2021-02-08,2.0464
2021-02-09,2.0535
2021-02-10,2.062
2021-02-11,2.061
2021-02-12,2.0609
2021-02-15,2.0626
2021-02-16,2.0641
2021-02-17,2.0553
2021-02-18,2.0468
2021-02-19,2.0551
2021-02-22,2.0608
2021-02-23,2.0686
2021-02-24,2.0657
2021-02-25,2.0697
2021-02-26,2.0661
2021-03-01,2.0531
2021-03-02,2.044
2021-03-03,2.0547
2021-03-04,2.0484
2021-03-05,2.0327
2021-03-09,2.0158
2021-03-10,2.0198
2021-03-11,2.0278
2021-03-12,2.0342
2021-03-15,2.0319
2021-03-16,2.0292
2021-03-17,2.0232
2021-03-18,2.0326
2021-03-19,2.0261
2021-03-29,2.0032
2021-03-30,1.9998
2021-03-31,1.9898
2021-04-01,1.9929
2021-04-02,2.002
2021-04-05,1.9997
2021-04-06,2.007
2021-04-07,2.0182
2021-04-08,2.0182
2021-04-09,2.0237
2021-04-12,2.0214
2021-04-13,2.0215
2021-04-14,2.0332
2021-04-15,2.0357
2021-04-16,2.0331
2021-04-19,2.0328
2021-04-20,2.0507
2021-04-21,2.0446
2021-04-22,2.0459
2021-04-23,2.044
2021-04-26,2.059
2021-04-27,2.0525
2021-04-28,2.0529
2021-04-29,2.0618
2021-04-30,2.0602
2021-05-03,2.0431
2021-05-04,2.0469
2021-05-05,2.0439
2021-05-06,2.0403
2021-05-07,2.0515
2021-05-17,2.0621
2021-05-18,2.0681
2021-05-19,2.08
2021-05-20,2.0709
2021-05-21,2.0796
2021-05-24,2.0708
2021-05-25,2.0788
2021-05-26,2.0844
2021-05-27,2.0729
2021-05-31,2.0738
2021-06-01,2.0785
2021-06-02,2.0774
2021-06-03,2.0748
2021-06-04,2.0596
2021-06-07,2.0686
2021-06-08,2.0704
2021-06-09,2.0706
2021-06-10,2.0681
2021-06-11,2.0722
2021-06-14,2.0567
2021-06-16,2.0614
2021-06-17,2.039
2021-06-18,2.0259
2021-06-21,2.0161
2021-06-22,2.0246
2021-06-23,2.0264
2021-06-24,2.0271
2021-06-29,2.0252
2021-06-30,2.0236
2021-07-01,2.0142
2021-07-02,2.0134
2021-07-05,2.0151
2021-07-06,2.0184
2021-07-07,2.0105
2021-07-08,2.0049
2021-07-09,2.0122
2021-07-12,2.0176
2021-07-13,2.0176
2021-07-14,2.0029
2021-07-15,2.0117
2021-07-16,2.008
2021-07-19,2.0071
2021-07-22,2.0058
2021-07-23,2.0009
2021-07-27,2.0067
2021-07-28,2.0095
2021-07-29,2.0154
2021-07-30,2.0193
2021-08-02,2.0183
2021-08-03,2.0195
2021-08-04,2.0179
2021-08-05,2.0122
2021-08-06,2.0097
2021-08-09,1.9989
2021-08-10,1.9954
2021-08-11,1.9923
2021-08-12,1.9967
2021-08-13,1.9957
2021-08-16,1.9957
2021-08-17,2.0006
2021-08-18,1.992
2021-08-19,1.9848
2021-08-20,1.9867
2021-08-23,1.9918
2021-08-24,1.9955
2021-08-25,1.9957
2021-08-26,2.0001
2021-08-27,1.9995
2021-08-30,2.007
2021-08-31,2.0091
2021-09-01,2.0064
2021-09-02,2.0123
2021-09-03,2.0192
2021-09-06,2.0178
2021-09-07,2.0199
2021-09-08,2.0131
2021-09-09,2.0084
2021-09-10,2.011
2021-09-13,2.0066
2021-09-14,2.0089
2021-09-15,2.007
2021-09-16,2.0077
2021-09-17,2.0014
2021-09-20,1.9912
2021-09-21,1.9944
2021-09-22,1.9921
2021-09-23,1.99
2021-09-24,1.9961
2021-09-27,1.9932
2021-09-28,1.9881
2021-09-29,1.9863
2021-09-30,1.9724
2021-10-01,1.9682
2021-10-04,1.9711
2021-10-05,1.9716
2021-10-06,1.9694
2021-10-07,1.9646
2021-10-08,1.964
2021-10-11,1.9672
2021-10-12,1.9649
2021-10-13,1.9637
2021-10-14,1.9706
2021-10-15,1.9736
2021-10-18,1.9689
2021-10-19,1.9811
2021-10-20,1.9803
2021-10-21,1.9813
2021-10-22,1.9768
2021-10-25,1.9768
2021-10-26,1.9719
2021-10-27,1.9719
2021-10-28,1.973
2021-10-29,1.973
2021-11-01,1.9632
2021-11-02,1.9725
2021-11-03,1.9691
2021-11-04,1.9712
2021-11-05,1.9638
2021-11-10,1.9693
2021-11-11,1.9505
2021-11-12,1.9447
2021-11-15,1.9479
2021-11-16,1.9349
2021-11-17,1.9205
2021-11-18,1.9257
2021-11-19,1.9305
2021-11-22,1.9169
2021-11-23,1.91
2021-11-24,1.9105
2021-11-25,1.9065
2021-11-26,1.9076
2021-11-29,1.9172
2021-11-30,1.9204
2021-12-01,1.9262
2021-12-02,1.9253
2021-12-03,1.9208
2021-12-06,1.9195
2021-12-07,1.919
2021-12-08,1.9195
2021-12-09,1.9271
2021-12-10,1.9205
2021-12-13,1.9201
2021-12-14,1.9169
2021-12-15,1.9149
2021-12-16,1.9149
2021-12-17,1.9265
2021-12-20,1.9122
2021-12-21,1.9177
2021-12-22,1.9165
2021-12-23,1.9277
2021-12-24,1.9269
2021-12-27,1.9241
2021-12-28,1.9256
2021-12-29,1.9217
2021-12-30,1.9265
2022-01-05,1.9191
2022-01-06,1.923
2022-01-07,1.9211
2022-01-10,1.9268
2022-01-11,1.9281
2022-01-12,1.9333
2022-01-13,1.9452
2022-01-14,1.9506
2022-01-17,1.9506
2022-01-18,1.9383
2022-01-19,1.9261
2022-01-21,1.9252
2022-01-24,1.9256
2022-01-25,1.923
2022-01-26,1.9212
2022-01-27,1.9077
2022-01-28,1.8958
2022-01-31,1.8974
2022-02-01,1.9113
2022-02-02,1.9167
2022-02-03,1.9207
2022-02-04,1.9494
2022-02-07,1.9447
2022-02-08,1.942
2022-02-09,1.9426
2022-02-10,1.9423
2022-02-11,1.9349
2022-02-14,1.9284
2022-02-15,1.9243
2022-02-16,1.9292
2022-02-17,1.9287
2022-02-18,1.932
2022-02-21,1.9319
2022-02-22,1.9211
2022-02-23,1.9257
2022-02-24,1.9115
2022-02-25,1.9075
2022-02-28,1.895
2022-03-01,1.9039
2022-03-02,1.8908
2022-03-03,1.8867
2022-03-04,1.8764
2022-03-07,1.8578
2022-03-09,1.856
2022-03-10,1.8793
2022-03-11,1.8703
2022-03-14,1.856
2022-03-15,1.8669
2022-03-16,1.8646
2022-03-17,1.8759
2022-03-18,1.8832
2022-03-28,1.8619
2022-03-29,1.8675
2022-03-30,1.8887
2022-03-31,1.8975
2022-04-01,1.881
2022-04-04,1.8782
2022-04-05,1.8639
2022-04-06,1.8524
2022-04-07,1.8555
2022-04-08,1.8457
2022-04-11,1.8505
2022-04-12,1.8495
2022-04-13,1.8417
2022-04-14,1.8553
2022-04-15,1.8369
2022-04-18,1.8347
2022-04-19,1.8313
2022-04-20,1.8391
2022-04-21,1.8425
2022-04-22,1.8438
2022-04-25,1.8315
2022-04-26,1.8237
2022-04-27,1.8101
2022-04-28,1.7867
2022-04-29,1.7887
2022-05-04,1.7878
2022-05-05,1.8048
2022-05-06,1.7904
2022-05-10,1.7982
2022-05-11,1.792
2022-05-12,1.7885
2022-05-13,1.7674
2022-05-16,1.7674
2022-05-17,1.7751
2022-05-18,1.7904
2022-05-19,1.7851
2022-05-20,1.7975
2022-05-23,1.8004
2022-05-24,1.8128
2022-05-25,1.8199
2022-05-26,1.816
2022-05-27,1.8282
2022-05-30,1.8282
2022-05-31,1.8267
2022-06-01,1.8213
2022-06-02,1.8119
2022-06-03,1.8271
2022-06-06,1.8238
2022-06-07,1.8161
2022-06-08,1.8155
2022-06-09,1.8233
2022-06-10,1.8075
2022-06-13,1.783
2022-06-14,1.7717
2022-06-16,1.7745
2022-06-17,1.7895
2022-06-20,1.7895
2022-06-21,1.7892
2022-06-22,1.7842
2022-06-23,1.7965
2022-06-24,1.7918
2022-06-28,1.7981
2022-06-29,1.7863
2022-06-30,1.7771
2022-07-01,1.7773
2022-07-04,1.7727
2022-07-05,1.7744
2022-07-06,1.7419
2022-07-07,1.7344
2022-07-08,1.7263
2022-07-13,1.706
2022-07-14,1.704
2022-07-15,1.7052
2022-07-18,1.7154
2022-07-19,1.7229
2022-07-20,1.7419
2022-07-21,1.7377
2022-07-22,1.7309
2022-07-25,1.7346
2022-07-26,1.7383
2022-07-27,1.7254
2022-07-28,1.7348
2022-07-29,1.7361
2022-08-01,1.738
2022-08-02,1.7465
2022-08-03,1.7312
2022-08-04,1.728
2022-08-05,1.7397
2022-08-15,1.7426
2022-08-16,1.7269
2022-08-17,1.7309
2022-08-18,1.7284
2022-08-19,1.7129
2022-08-22,1.7065
2022-08-23,1.6891
2022-08-24,1.6933
2022-08-25,1.7001
2022-08-26,1.6936
2022-08-29,1.6856
2022-08-30,1.6999
2022-08-31,1.7067
2022-09-01,1.7201
2022-09-02,1.6948
2022-09-05,1.6833
2022-09-06,1.6909
2022-09-07,1.6824
2022-09-08,1.6986
2022-09-09,1.7122
2022-09-12,1.7139
2022-09-13,1.722
2022-09-14,1.6996
2022-09-15,1.6945
2022-09-16,1.6989
2022-09-19,1.6986
2022-09-20,1.7037
2022-09-21,1.6935
2022-09-22,1.671
2022-09-23,1.6703
2022-09-26,1.6368
2022-09-27,1.6384
2022-09-28,1.6236
2022-09-29,1.6464
2022-09-30,1.6671
2022-10-03,1.6637
2022-10-04,1.6722
2022-10-05,1.6952
2022-10-06,1.6853
2022-10-07,1.6651
2022-10-10,1.6559
2022-10-11,1.6453
2022-10-12,1.6513
2022-10-13,1.6496
2022-10-14,1.6629
2022-10-17,1.6555
2022-10-18,1.6763
2022-10-19,1.6727
2022-10-20,1.6625
2022-10-21,1.6606
2022-10-24,1.6741
2022-10-25,1.6796
2022-10-26,1.6926
2022-10-27,1.7125
2022-10-28,1.6977
2022-10-31,1.693
2022-11-17,1.7632
2022-11-18,1.7622
2022-11-21,1.7622
2022-11-22,1.7439
2022-11-23,1.7535
2022-11-24,1.7759
2022-11-25,1.7717
2022-11-28,1.7608
2022-11-29,1.7659
2022-11-30,1.7602
2022-12-01,1.7745
2022-12-02,1.7888
2022-12-14,1.8062
2022-12-15,1.8099
2022-12-16,1.8101
2022-12-19,1.8031
2022-12-20,1.8034
2022-12-21,1.8034
2022-12-22,1.8096
2022-12-23,1.8028
2022-12-26,1.8068
2022-12-27,1.8101
2022-12-28,1.8092
2022-12-29,1.806
2022-12-30,1.8114
2023-01-05,1.8029
2023-01-06,1.7887
2023-01-09,1.815
2023-01-10,1.8242
2023-01-11,1.8257
2023-01-12,1.8312
2023-01-13,1.8427
2023-01-16,1.8449
2023-01-17,1.8403
2023-01-18,1.8317
2023-01-19,1.8352
2023-01-23,1.8522
2023-01-24,1.849
2023-01-25,1.8527
2023-01-26,1.8553
2023-01-27,1.8474
2023-01-30,1.8488
2023-01-31,1.8437
2023-02-01,1.8473
2023-02-02,1.8735
2023-02-03,1.8517
2023-02-06,1.8352
2023-02-07,1.8245
2023-02-08,1.8245
2023-02-09,1.8247
2023-02-10,1.8227
2023-02-13,1.8131
2023-02-14,1.8254
2023-02-15,1.822
2023-02-16,1.8203
2023-02-17,1.8085
2023-02-20,1.8165
2023-02-21,1.8136
2023-02-22,1.8116
2023-02-23,1.8057
2023-02-24,1.8021
2023-02-27,1.7934
2023-02-28,1.7999
2023-03-01,1.8007
2023-03-02,1.8101
2023-03-03,1.8036
2023-03-06,1.8092
2023-03-07,1.8172
2023-03-08,1.8172
2023-03-09,1.7938
2023-03-10,1.8011
2023-03-13,1.8223
2023-03-14,1.8194
2023-03-15,1.8265
2023-03-16,1.8024
2023-03-17,1.8104
2023-03-27,1.8304
2023-03-28,1.8378
2023-03-29,1.8428
2023-03-30,1.8427
2023-03-31,1.8534
2023-04-03,1.8347
2023-04-04,1.8519
2023-04-05,1.862
2023-04-06,1.8513
2023-04-07,1.8556
2023-04-10,1.8519
2023-04-11,1.8504
2023-04-12,1.8575
2023-04-13,1.8681
2023-04-14,1.8818
2023-04-17,1.8679
2023-04-18,1.8594
2023-04-19,1.8648
2023-04-20,1.8634
2023-04-25,1.8786
2023-04-26,1.8669
2023-04-27,1.8786
2023-04-28,1.8726
2023-05-01,1.8709
2023-05-02,1.8674
2023-05-03,1.8743
2023-05-04,1.8837
2023-05-05,1.8776
2023-05-08,1.8774
2023-05-10,1.8652
2023-05-11,1.8658
2023-05-12,1.8572
2023-05-15,1.8466
2023-05-16,1.8499
2023-05-17,1.8469
2023-05-18,1.8417
2023-05-19,1.8298
2023-05-22,1.839
2023-05-23,1.8374
2023-05-24,1.8325
2023-05-25,1.825
2023-05-26,1.8254
2023-05-30,1.8199
2023-05-31,1.8182
2023-06-01,1.816
2023-06-02,1.8298
2023-06-05,1.8184
2023-06-06,1.8233
2023-06-07,1.8167
2023-06-08,1.8212
2023-06-09,1.8323
2023-06-12,1.8261
2023-06-13,1.833
2023-06-14,1.8344
2023-06-16,1.8598
2023-06-19,1.8586
2023-06-20,1.8552
2023-06-21,1.8558
2023-06-22,1.868
2023-06-23,1.8587
2023-07-03,1.8587
2023-07-04,1.8531
2023-07-05,1.8476
2023-07-06,1.8433
2023-07-07,1.8516
2023-07-10,1.8621
2023-07-11,1.8735
2023-07-12,1.8755
2023-07-13,1.894
2023-07-14,1.9097
2023-07-17,1.9087
2023-07-18,1.9128
2023-07-19,1.908
2023-07-20,1.9078
2023-07-21,1.8937
2023-07-24,1.8908
2023-07-25,1.8822
2023-07-26,1.8783
2023-07-27,1.8862
2023-07-28,1.8657
2023-07-31,1.8713
2023-08-01,1.8684
2023-08-02,1.8687
2023-08-03,1.8571
2023-08-04,1.8614
2023-08-07,1.8692
2023-08-08,1.8686
2023-08-09,1.8663
2023-08-10,1.8666
2023-08-11,1.8679
2023-08-14,1.8592
2023-08-15,1.8544
2023-08-16,1.8561
2023-08-17,1.8477
2023-08-18,1.85
2023-08-21,1.8503
2023-08-22,1.8544
2023-08-23,1.8463
2023-08-24,1.8482
2023-08-25,1.8327
2023-08-28,1.8374
2023-08-29,1.8402
2023-08-30,1.8465
2023-08-31,1.8561
2023-09-01,1.8439
2023-09-04,1.8338
2023-09-05,1.8347
2023-09-06,1.8252
2023-09-07,1.8221
2023-09-08,1.8215
2023-09-11,1.825
2023-09-12,1.8256
2023-09-13,1.8281
2023-09-14,1.8271
2023-09-15,1.8108
2023-09-18,1.8142
2023-09-19,1.8157
2023-09-20,1.8155
2023-09-21,1.8079
2023-09-22,1.8109
2023-09-25,1.8102
2023-09-26,1.8006
2023-09-27,1.7951
2023-09-28,1.7858
2023-09-29,1.7985
2023-10-02,1.7968
2023-10-03,1.779
2023-10-04,1.78
2023-10-05,1.7885
2023-10-06,1.792
2023-10-09,1.7938
2023-10-10,1.7953
2023-10-11,1.8027
2023-10-12,1.8072
2023-10-13,1.7935
2023-10-16,1.7893
2023-10-17,1.7931
2023-10-18,1.7978
2023-10-19,1.7907
2023-10-20,1.7978
2023-10-23,1.7979
2023-10-24,1.8157
2023-10-25,1.8028
2023-10-26,1.7928
2023-10-27,1.7965
2023-10-30,1.7952
2023-10-31,1.801
2023-11-01,1.7961
2023-11-02,1.8016
2023-11-03,1.8065
2023-11-06,1.8247
2023-11-07,1.8201
2023-11-13,1.8164
2023-11-14,1.8182
2023-11-15,1.8493
2023-11-16,1.8421
2023-11-17,1.8445
2023-11-20,1.8568
2023-11-21,1.8636
2023-11-22,1.8552
2023-11-23,1.8533
2023-11-24,1.8538
2023-11-27,1.861
2023-11-28,1.8621
2023-11-29,1.8707
2023-11-30,1.865
2023-12-01,1.8544
2023-12-04,1.848
2023-12-05,1.8435
2023-12-06,1.8347
2023-12-07,1.8293
2023-12-08,1.8331
2023-12-11,1.8298
2023-12-12,1.8301
2023-12-13,1.8341
2023-12-14,1.8527
2023-12-15,1.8692
2023-12-18,1.8553
2023-12-19,1.8568
2023-12-20,1.8646
2023-12-21,1.8614
2023-12-22,1.8697
2023-12-25,1.8714
2023-12-26,1.8737
2023-12-27,1.8771
2023-12-28,1.8888
2023-12-29,1.8811
2024-01-08,1.8587
2024-01-09,1.8625
2024-01-10,1.8584
2024-01-11,1.866
2024-01-12,1.8662
2024-01-15,1.8637
2024-01-16,1.8561
2024-01-17,1.8482
2024-01-18,1.8522
2024-01-19,1.8508
2024-01-22,1.8534
2024-01-23,1.8529
2024-01-24,1.847
2024-01-25,1.8489
2024-01-26,1.8427
2024-01-29,1.8436
2024-01-30,1.8403
2024-01-31,1.8395
2024-02-01,1.8369
2024-02-02,1.8485
2024-02-05,1.8316
2024-02-06,1.8274
2024-02-08,1.8323
2024-02-09,1.8312
2024-02-12,1.8346
2024-02-13,1.8299
2024-02-14,1.8213
2024-02-15,1.8236
2024-02-16,1.829
2024-02-19,1.8323
2024-02-20,1.8308
2024-02-21,1.8386
2024-02-22,1.8412
2024-02-23,1.8403
2024-02-26,1.8395
2024-02-27,1.8451
2024-02-28,1.8414
2024-02-29,1.8423
2024-03-01,1.8382
2024-03-04,1.8436
2024-03-05,1.8446
2024-03-06,1.8448
2024-03-07,1.8535
2024-03-08,1.8535
2024-03-11,1.8598
2024-03-12,1.8593
2024-03-13,1.8569
2024-03-14,1.8602
2024-03-15,1.8488
2024-03-18,1.8507
2024-03-19,1.8477
2024-03-27,1.8409
2024-04-01,1.8338
2024-04-02,1.8247
2024-04-03,1.8318
2024-04-04,1.8434
2024-04-05,1.8407
2024-04-08,1.8417
2024-04-09,1.8456
2024-04-15,1.8109
2024-04-16,1.8043
2024-04-17,1.8055
2024-04-18,1.8152
2024-04-19,1.8082
2024-04-22,1.8131
2024-04-23,1.8109
2024-04-24,1.8198
2024-04-25,1.8205
2024-04-26,1.8227
2024-04-29,1.8238
2024-04-30,1.8199
2024-05-01,1.8114
2024-05-02,1.8224
2024-05-03,1.8246
2024-05-06,1.8297
2024-05-07,1.8303
2024-05-08,1.8257
2024-05-10,1.8316
2024-05-13,1.8312
2024-05-14,1.8335
2024-05-15,1.8397
2024-05-16,1.8505
2024-05-17,1.8455
2024-05-20,1.8497
2024-05-21,1.8459
2024-05-22,1.8451
2024-05-23,1.8405
2024-05-24,1.8375
2024-05-27,1.8442
2024-05-29,1.8441
2024-05-30,1.8352
2024-05-31,1.8391
2024-06-03,1.8448
2024-06-04,1.8546
2024-06-05,1.8498
2024-06-06,1.8508
2024-06-07,1.8522
2024-06-10,1.8283
2024-06-11,1.8306
2024-06-12,1.8252
2024-06-13,1.8366
2024-06-14,1.8253
2024-06-20,1.826
2024-06-21,1.8221
2024-06-24,1.8181
2024-06-27,1.8179
2024-06-28,1.817
2024-07-01,1.8284
2024-07-02,1.8241
2024-07-04,1.8337
2024-07-05,1.8397
2024-07-08,1.8408
2024-07-09,1.8411
2024-07-10,1.8395
2024-07-11,1.8422
2024-07-12,1.8479
2024-07-15,1.852
2024-07-16,1.8517
2024-07-17,1.8537
2024-07-18,1.8588
2024-07-19,1.8505
2024-07-22,1.8509
2024-07-23,1.8514
2024-07-24,1.8443
2024-07-25,1.8429
2024-07-26,1.8459
2024-07-29,1.8461
2024-07-30,1.8401
2024-07-31,1.8405
2024-08-01,1.8404
2024-08-02,1.8356
2024-08-05,1.8582
2024-08-06,1.8619
2024-08-07,1.8551
2024-08-08,1.8584
2024-08-09,1.8564
2024-08-12,1.8563
2024-08-13,1.8597
2024-08-14,1.8688
2024-08-15,1.8718
2024-08-16,1.8669
2024-08-19,1.8768
2024-08-20,1.883
2024-08-21,1.8902
2024-08-22,1.8944
2024-08-23,1.8918
2024-08-26,1.901
2024-08-27,1.8986
2024-08-28,1.8972
2024-08-29,1.893
2024-08-30,1.8826
2024-09-02,1.8782
2024-09-03,1.8792
2024-09-04,1.8796
2024-09-05,1.883
2024-09-06,1.8896
2024-09-09,1.8828
2024-09-10,1.8768
2024-09-11,1.878
2024-09-12,1.8727
2024-09-13,1.8843
2024-09-16,1.8866
2024-09-17,1.8912
2024-09-18,1.8905
2024-09-19,1.8907
2024-09-20,1.8981
2024-09-23,1.8978
2024-09-24,1.8896
2024-09-25,1.9033
2024-09-26,1.8941
2024-09-27,1.8981
2024-09-30,1.8976
2024-10-01,1.894
2024-10-02,1.8805
2024-10-03,1.8758
2024-10-04,1.8748
2024-10-07,1.8646
2024-10-08,1.8675
2024-10-09,1.8641
2024-10-10,1.8601
2024-10-11,1.859
2024-10-14,1.8571
2024-10-15,1.8516
2024-10-16,1.851
2024-10-17,1.8451
2024-10-18,1.843
2024-10-21,1.8462
2024-10-22,1.8395
2024-10-23,1.8364
2024-10-24,1.8348
2024-10-25,1.8397
2024-10-28,1.8339
2024-10-29,1.8375
2024-10-30,1.8386
2024-10-31,1.8441
2024-11-01,1.8492
2024-11-04,1.8522
2024-11-05,1.8488
2024-11-06,1.8342
2024-11-07,1.8255
2024-11-14,1.7932
2024-11-15,1.7922
2024-11-16,1.7918
2024-11-18,1.7919
2024-11-19,1.7995
2024-11-20,1.8007
2024-11-21,1.7938
2024-11-22,1.7803
2024-11-23,1.7711
2024-11-25,1.7814
2024-11-26,1.7815
2024-11-27,1.7813
2024-11-28,1.7943
2024-11-29,1.7969
2024-12-02,1.789
2024-12-03,1.7825
2024-12-04,1.7868
2024-12-05,1.7881
2024-12-06,1.7978
2024-12-09,1.7909
2024-12-10,1.7948
2024-12-11,1.7893
2024-12-12,1.7864
2024-12-13,1.7789
2024-12-16,1.7878
2024-12-17,1.7864
2024-12-18,1.7855
2024-12-19,1.7647
2024-12-20,1.7609
2024-12-23,1.7752
2024-12-24,1.7676
2024-12-25,1.7692
2024-12-26,1.7677
2024-12-27,1.7694
2025-01-06,1.7536
2025-01-07,1.7666
2025-01-08,1.7598
2025-01-09,1.7524
2025-01-10,1.7502
2025-01-14,1.7426
2025-01-15,1.7513
2025-01-16,1.7488
2025-01-17,1.75
2025-01-20,1.75
2025-01-21,1.7664
2025-01-22,1.7708
2025-01-23,1.77
2025-01-24,1.7766
2025-01-27,1.7786
2025-01-28,1.7739
2025-01-30,1.7712
2025-01-31,1.7659
2025-02-03,1.7385
2025-02-04,1.7519
2025-02-05,1.7643
2025-02-06,1.7658
2025-02-07,1.7647
2025-02-10,1.7533
2025-02-11,1.7517
2025-02-12,1.7604
2025-02-13,1.774
2025-02-14,1.7774
2025-02-17,1.7844
2025-02-18,1.7778
2025-02-19,1.7768
2025-02-20,1.7732
2025-02-21,1.785
2025-02-24,1.7876
2025-02-25,1.7804
2025-02-26,1.7845
2025-02-27,1.7786
2025-02-28,1.7658
2025-03-03,1.771
2025-03-04,1.7815
2025-03-05,1.8053
2025-03-06,1.8366
2025-03-07,1.8382
2025-03-10,1.8412
2025-03-11,1.8453
2025-03-12,1.8526
2025-03-13,1.8519
2025-03-14,1.8431
2025-03-17,1.8499
2025-03-18,1.855
2025-03-19,1.8582
2025-04-01,1.84
2025-04-02,1.8346
2025-04-03,1.8543
2025-04-04,1.8849
2025-04-07,1.867
2025-04-08,1.8655
2025-04-09,1.8808
2025-04-10,1.8669
2025-04-11,1.9245
2025-04-14,1.9326
2025-04-15,1.9308
2025-04-16,1.9284
2025-04-17,1.9315
2025-04-22,1.9604
2025-04-23,1.9359
2025-04-24,1.9277
2025-04-25,1.9272
2025-04-28,1.9335
2025-04-29,1.9345
2025-04-30,1.9334
2025-05-01,1.9214
2025-05-02,1.9216
2025-05-05,1.9274
2025-05-06,1.9252
2025-05-07,1.9286
2025-05-08,1.9241
2025-05-12,1.9087
2025-05-13,1.8896
2025-05-14,1.9019
2025-05-15,1.9026
2025-05-16,1.9044
2025-05-19,1.9014
2025-05-20,1.9122
2025-05-21,1.9265
2025-05-22,1.926
2025-05-23,1.9241
2025-05-26,1.94
2025-05-27,1.9343
2025-05-29,1.9122
2025-05-30,1.9286
2025-06-02,1.9324
2025-06-03,1.9425
2025-06-04,1.9324
2025-06-05,1.94
2025-06-10,1.9379
2025-06-11,1.9406
2025-06-12,1.9573
2025-06-13,1.9592
2025-06-17,1.9654
2025-06-18,1.9559
2025-06-19,1.9496
2025-06-20,1.9597
2025-06-23,1.9536
2025-06-24,1.9729
2025-06-25,1.9741
2025-06-30,1.9944
2025-07-01,2.0035
2025-07-02,2.0054
2025-07-03,2.0043
2025-07-04,2.0029
2025-07-07,2.0001
2025-07-08,1.9961
2025-07-09,1.9911
2025-07-10,1.9952
2025-07-11,1.9849
2025-07-14,1.9847
2025-07-15,1.9849
2025-07-16,1.9753
2025-07-17,1.9762
2025-07-18,1.9751
2025-07-21,1.9769
2025-07-22,1.9873
2025-07-23,1.9949
2025-07-24,2.0016
2025-07-25,1.9961
2025-07-28,1.9969
2025-07-29,1.9697
2025-07-30,1.9636
2025-07-31,1.944
2025-08-01,1.9409
2025-08-04,1.9675
2025-08-05,1.9648
2025-08-06,1.9683
2025-08-07,1.9844
2025-08-08,1.9819
2025-08-11,1.9842
2025-08-12,1.9768
2025-08-13,1.9864
2025-08-14,1.9894
2025-08-15,1.9827
2025-08-19,1.9828
2025-08-20,1.978
2025-08-21,1.9797
2025-08-22,1.9694
2025-08-25,1.9897
2025-08-26,1.9774
2025-08-27,1.9744
2025-08-28,1.9786
2025-08-29,1.9829
2025-09-01,1.9904
2025-09-02,1.9879
2025-09-03,1.9774
2025-09-04,1.9807
2025-09-05,1.9834
2025-09-08,1.9913
2025-09-09,2.0014
2025-09-10,1.9916
2025-09-11,1.9888
2025-09-12,1.9934
2025-09-15,1.9949
2025-09-16,2.0021
2025-09-17,2.0154
2025-09-18,2.0052
2025-09-19,2.0017
2025-09-22,1.9942
2025-09-23,2.0054
2025-09-24,2.0066
2025-09-25,1.9979
2025-09-26,1.9855
2025-09-29,1.9937
2025-09-30,1.994
2025-10-01,2
2025-10-02,1.9952
2025-10-03,1.9921
2025-10-06,1.9927
2025-10-07,1.9886
2025-10-08,1.9748
2025-10-09,1.9797
2025-10-10,1.9675
2025-10-13,1.9755
2025-10-14,1.9706
2025-10-15,1.9752
2025-10-16,1.9816
2025-10-17,1.9908
2025-10-20,1.9841
2025-10-21,1.978
2025-10-22,1.9737
2025-10-23,1.9717
2025-10-24,1.9733
2025-10-27,1.9763
2025-10-28,1.9833
2025-10-29,1.9777
2025-10-30,1.9777
2025-10-31,1.9672
2025-11-03,1.9609
2025-11-04,1.9566
2025-11-05,1.9534
2025-11-06,1.9561
2025-11-07,1.9612
2025-11-12,1.9672
2025-11-13,1.9703
2025-11-14,1.9792
2025-11-17,1.9725
2025-11-18,1.9719
2025-11-19,1.9695
2025-11-20,1.9581
2025-11-21,1.9615
2025-11-22,1.962186
