2013-03-30,68.5364
2013-04-02,68.6
2013-04-03,68.7775
2013-04-04,69.1
2013-04-05,69.83
2013-04-07,69.83
2013-04-08,70.0497
2013-04-09,70.2184
2013-04-10,70.4419
2013-04-11,70.15
2013-04-12,70.3039
2013-04-13,70.3039
2013-04-14,70.3039
2013-04-15,70.35
2013-04-16,70
2013-04-17,70.08
2013-04-18,70.08
2013-04-19,69.5482
2013-04-21,69.5482
2013-04-22,69.61
2013-04-23,69.53
2013-04-24,69.55
2013-04-25,69.73
2013-04-26,69.63
2013-04-27,69.63
2013-04-28,69.63
2013-04-29,69.9
2013-04-30,69.32
2013-05-01,69.8886
2013-05-02,69.9136
2013-05-03,69.72
2013-05-04,69.72
2013-05-06,70
2013-05-07,69.95
2013-05-08,70.01
2013-05-09,70.3047
2013-05-10,70.0594
2013-05-11,70.0594
2013-05-13,70.1523
2013-05-14,69.94
2013-05-15,69.49
2013-05-16,69.46
2013-05-17,69.48
2013-05-18,69.48
2013-05-19,69.48
2013-05-20,69.8623
2013-05-21,70.1269
2013-05-22,70.83
2013-05-23,70.58
2013-05-24,71.0557
2013-05-25,71.0557
2013-05-27,70.8
2013-05-28,71.31
2013-05-29,71.6669
2013-05-30,72.0216
2013-05-31,72.3881
2013-06-02,72.3881
2013-06-03,72.85
2013-06-04,72.8724
2013-06-05,73.1
2013-06-06,73.52
2013-06-07,74.6187
2013-06-08,74.6187
2013-06-09,74.6187
2013-06-10,75.5796
2013-06-11,76.6192
2013-06-12,75.7443
2013-06-13,76.45
2013-06-14,75.6251
2013-06-15,75.6251
2013-06-16,75.6251
2013-06-17,76.0881
2013-06-18,77.6305
2013-06-19,77.5
2013-06-20,77.6
2013-06-21,77.1685
2013-06-22,77.1685
2013-06-23,77.1685
2013-06-24,77.3
2013-06-25,77.2
2013-06-26,77.6
2013-06-27,77.4741
2013-06-28,76.58
2013-06-29,76.58
2013-06-30,76.58
2013-07-01,76.35
2013-07-02,76.7416
2013-07-03,77.02
2013-07-04,77.13
2013-07-05,76.7
2013-07-06,76.7
2013-07-07,76.7
2013-07-08,77.1
2013-07-09,76.5
2013-07-10,76.8
2013-07-11,76.98
2013-07-12,76.95
2013-07-13,76.95
2013-07-14,76.95
2013-07-15,76.85
2013-07-16,76.62
2013-07-17,77.13
2013-07-18,77
2013-07-19,77.15
2013-07-20,77.15
2013-07-22,77.53
2013-07-23,77.6
2013-07-24,77.05
2013-07-25,76.95
2013-07-26,77.2
2013-07-27,77.2
2013-07-28,77.2
2013-07-29,77.82
2013-07-30,77.6
2013-07-31,79.5
2013-08-01,78.75
2013-08-02,79.3
2013-08-03,79.3
2013-08-04,79.3
2013-08-05,79.75
2013-08-06,80.529
2013-08-07,80.15
2013-08-08,80.25
2013-08-09,79.4
2013-08-12,80.15
2013-08-13,80
2013-08-14,80.2
2013-08-15,80.4441
2013-08-16,81.45
2013-08-17,81.45
2013-08-18,81.45
2013-08-19,82.88
2013-08-20,84.0588
2013-08-21,85.0784
2013-08-22,85.2251
2013-08-23,84.32
2013-08-24,84.32
2013-08-25,84.32
2013-08-26,85.08
2013-08-27,84.1
2013-08-28,84.9
2013-08-29,85.65
2013-08-30,86.38
2013-08-31,86.38
2013-09-02,86.25
2013-09-03,86.4
2013-09-04,87.08
2013-09-05,86.3
2013-09-06,84.4
2013-09-07,84.4
2013-09-08,84.4
2013-09-09,84.15
2013-09-10,83.55
2013-09-11,82.9
2013-09-12,83.45
2013-09-13,83.2
2013-09-14,83.2
2013-09-15,83.2
2013-09-16,82.7
2013-09-17,82.8
2013-09-18,83.1
2013-09-19,81.9
2013-09-20,81.95
2013-09-21,81.95
2013-09-22,81.95
2013-09-23,82.4
2013-09-24,83.4
2013-09-25,83.05
2013-09-26,82.6
2013-09-27,83.1
2013-09-29,83.1
2013-09-30,83.39
2013-10-01,83.45
2013-10-02,83.3
2013-10-03,82.9
2013-10-04,82.8706
2013-10-05,82.8706
2013-10-06,82.8706
2013-10-07,82.8
2013-10-08,82.85
2013-10-09,82.6992
2013-10-10,82.36
2013-10-11,81.94
2013-10-12,81.94
2013-10-14,82.35
2013-10-15,82.35
2013-10-16,82.6
2013-10-17,82.5
2013-10-18,82.81
2013-10-19,82.81
2013-10-20,82.81
2013-10-21,83.09
2013-10-22,83.22
2013-10-23,83.58
2013-10-24,84
2013-10-25,83.95
2013-10-26,83.95
2013-10-27,83.95
2013-10-28,83.71
2013-10-29,83.264
2013-10-30,83.155
2013-10-31,82.71
2013-11-01,82.44
2013-11-02,82.44
2013-11-04,82.4
2013-11-05,82.09
2013-11-06,83.195
2013-11-07,83.27
2013-11-08,82.8513
2013-11-10,82.8513
2013-11-11,83.7293
2013-11-12,84.18
2013-11-13,83.722
2013-11-14,83.68
2013-11-15,83.9376
2013-11-17,83.9376
2013-11-18,83.24
2013-11-21,83.62
2013-11-23,83.87
2013-11-25,83.3978
2013-11-26,83.61
2013-11-28,83.7
2013-11-29,84.0349
2013-11-30,84.0349
2013-12-01,84.0349
2013-12-02,83.31
2013-12-03,83.6329
2013-12-04,83.295
2013-12-05,82.75
2013-12-06,82.93
2013-12-07,82.93
2013-12-08,82.93
2013-12-09,82.73
2013-12-10,82.89
2013-12-11,83.25
2013-12-12,84.36
2013-12-13,84.2641
2013-12-14,84.2641
2013-12-15,84.2641
2013-12-16,84.03
2013-12-17,84.03
2013-12-18,84.25
2013-12-19,83.95
2013-12-20,83.59
2013-12-21,83.59
2013-12-22,83.59
2013-12-23,83.71
2013-12-24,83.53
2013-12-26,83.53
2013-12-27,84.47
2013-12-28,84.47
2013-12-29,84.47
2013-12-30,84.1
2013-12-31,84.1004
2014-01-01,84.1004
2014-01-02,84.15
2014-01-03,83.78
2014-01-04,83.78
2014-01-05,83.78
2014-01-06,83.7764
2014-01-07,83.9
2014-01-08,83.21
2014-01-09,83.35
2014-01-10,83.08
2014-01-11,83.08
2014-01-12,83.08
2014-01-13,83.0831
2014-01-14,82.97
2014-01-15,82.75
2014-01-16,82.7
2014-01-17,82.6
2014-01-18,82.6
2014-01-19,82.6
2014-01-20,82.4
2014-01-21,82.61
2014-01-22,82.758
2014-01-23,83.35
2014-01-24,84.967
2014-01-25,84.967
2014-01-26,84.967
2014-01-27,85.25
2014-01-28,84.42
2014-01-29,84.23
2014-01-30,84
2014-01-31,83.89
2014-02-01,83.89
2014-02-02,83.89
2014-02-03,83.5003
2014-02-04,83.43
2014-02-05,83.5582
2014-02-06,83.3222
2014-02-07,83.48
2014-02-08,83.48
2014-02-09,83.48
2014-02-10,84.102
2014-02-11,84.01
2014-02-12,83.25
2014-02-13,84.086
2014-02-14,83.8905
2014-02-15,83.8905
2014-02-16,83.8905
2014-02-17,83.71
2014-02-18,84.33
2014-02-19,84.5644
2014-02-20,84.18
2014-02-21,84.04
2014-02-22,84.04
2014-02-23,84.04
2014-02-24,84.44
2014-02-25,84.08
2014-02-26,84.1
2014-02-27,83.6
2014-02-28,84.16
2014-03-01,84.16
2014-03-02,84.16
2014-03-03,84.3956
2014-03-04,84.05
2014-03-05,83.58
2014-03-06,83.0117
2014-03-07,83.87
2014-03-08,83.87
2014-03-09,83.87
2014-03-10,83.347
2014-03-11,83.4119
2014-03-12,83.8
2014-03-13,84.3
2014-03-14,83.79
2014-03-15,83.79
2014-03-16,83.79
2014-03-17,83.78
2014-03-18,84.1
2014-03-19,83.8829
2014-03-20,83.41
2014-03-21,82.95
2014-03-22,82.95
2014-03-23,82.95
2014-03-24,82.65
2014-03-25,82.385
2014-03-26,81.82
2014-03-27,81.85
2014-03-28,81.01
2014-03-29,81.01
2014-03-31,81.7427
2014-04-01,81.7481
2014-04-02,81.4561
2014-04-03,81.83
2014-04-04,81.4685
2014-04-05,81.4685
2014-04-06,81.4685
2014-04-07,81.4808
2014-04-08,81.57
2014-04-09,81.89
2014-04-10,82.4024
2014-04-11,82.63
2014-04-12,82.63
2014-04-13,82.63
2014-04-14,82.238
2014-04-15,82.1131
2014-04-16,82.48
2014-04-17,82.6592
2014-04-18,82.6592
2014-04-19,82.6592
2014-04-20,82.6592
2014-04-21,82.6592
2014-04-22,83.1079
2014-04-23,83.49
2014-04-24,83.34
2014-04-25,82.85
2014-04-28,82.923
2014-04-29,82.7482
2014-04-30,82.4096
2014-05-01,82.4096
2014-05-02,82.4601
2014-05-05,82.43
2014-05-06,82.65
2014-05-07,82.61
2014-05-08,82.65
2014-05-09,81.78
2014-05-12,81.3593
2014-05-13,80.9
2014-05-14,80.4851
2014-05-15,79.7773
2014-05-16,79.8405
2014-05-17,79.8405
2014-05-19,79.14
2014-05-20,79.4865
2014-05-21,79.39
2014-05-22,78.92
2014-05-23,78.4717
2014-05-26,79.1974
2014-05-27,79.5
2014-05-28,79.73
2014-05-29,79.19
2014-05-30,79.424
2014-06-02,79.38
2014-06-03,79.65
2014-06-04,79.8
2014-06-05,79.68
2014-06-06,79.65
2014-06-08,79.65
2014-06-09,79.55
2014-06-10,79.26
2014-06-11,79.19
2014-06-12,79.1546
2014-06-13,79.8647
2014-06-16,80.3363
2014-06-17,80.52
2014-06-18,80.78
2014-06-19,80.9037
2014-06-20,80.7657
2014-06-23,80.73
2014-06-24,80.8652
2014-06-25,80.81
2014-06-26,80.86
2014-06-27,80.7847
2014-06-30,81.08
2014-07-01,81.22
2014-07-02,80.5301
2014-07-03,80.6
2014-07-04,80.24
2014-07-07,80.6104
2014-07-08,80.3095
2014-07-09,80.34
2014-07-10,80.6538
2014-07-11,80.66
2014-07-14,80.9
2014-07-15,80.8227
2014-07-16,80.34
2014-07-17,80.23
2014-07-18,80.5792
2014-07-20,80.5792
2014-07-21,80.5568
2014-07-22,80.21
2014-07-23,79.93
2014-07-24,79.93
2014-07-25,79.84
2014-07-28,79.77
2014-07-29,79.59
2014-07-30,79.46
2014-07-31,80
2014-08-01,80.78
2014-08-04,80.8
2014-08-06,80.9702
2014-08-07,80.94
2014-08-08,81.05
2014-08-11,80.9286
2014-08-12,80.51
2014-08-13,80.8034
2014-08-14,80.3461
2014-08-15,80.2978
2014-08-18,80.3768
2014-08-19,80.0327
2014-08-20,79.4852
2014-08-21,79.4713
2014-08-22,79.28
2014-08-25,78.9257
2014-08-26,78.8296
2014-08-27,78.7014
2014-08-28,78.9322
2014-08-29,78.8153
2014-08-31,78.8153
2014-09-01,78.48
2014-09-02,78.5526
2014-09-03,78.5332
2014-09-04,78.3749
2014-09-05,77.2579
2014-09-08,77.018
2014-09-09,77.0399
2014-09-10,77.8685
2014-09-11,77.575
2014-09-12,77.4859
2014-09-13,77.4859
2014-09-15,77.915
2014-09-16,78.049
2014-09-17,77.9085
2014-09-18,77.3891
2014-09-19,77.2808
2014-09-20,77.2808
2014-09-22,77.1094
2014-09-23,77.5844
2014-09-24,77.25
2014-09-25,77.0906
2014-09-26,76.9442
2014-09-27,76.9442
2014-09-28,76.9442
2014-09-29,77.0095
2014-09-30,76.779
2014-10-01,76.6198
2014-10-02,76.7821
2014-10-03,76.65
2014-10-04,76.65
2014-10-06,76.2544
2014-10-07,76.4044
2014-10-08,76.7163
2014-10-09,76.8707
2014-10-10,76.6422
2014-10-11,76.6422
2014-10-12,76.6422
2014-10-13,76.6
2014-10-14,76.64
2014-10-15,76.5997
2014-10-16,77.7836
2014-10-17,77.7326
2014-10-20,77.3376
2014-10-21,77.2549
2014-10-22,76.6661
2014-10-23,76.4795
2014-10-24,76.3984
2014-10-25,76.3984
2014-10-27,76.6663
2014-10-28,76.819
2014-10-29,77.0217
2014-10-30,76.27
2014-10-31,76.2016
2014-11-01,76.2016
2014-11-02,76.2016
2014-11-03,76.2016
2014-11-04,75.7485
2014-11-05,75.709
2014-11-06,75.9277
2014-11-07,75.4044
2014-11-10,75.764
2014-11-11,75.3896
2014-11-12,75.6462
2014-11-13,75.71
2014-11-14,75.8463
2014-11-15,75.8463
2014-11-16,75.8463
2014-11-17,76.1523
2014-11-18,76.2723
2014-11-19,76.7154
2014-11-20,76.6152
2014-11-21,75.645
2014-11-24,75.8753
2014-11-25,75.9384
2014-11-26,75.997
2014-11-27,76.19
2014-11-28,76.4261
2014-12-01,76.3065
2014-12-02,75.93
2014-12-03,75.2507
2014-12-04,75.199
2014-12-05,75.395
2014-12-08,74.8391
2014-12-09,75.4588
2014-12-10,75.7498
2014-12-11,76.7099
2014-12-12,76.6445
2014-12-15,77.2575
2014-12-16,78.62
2014-12-17,78.205
2014-12-18,76.64
2014-12-19,76.5
2014-12-22,76.52
2014-12-23,76.377
2014-12-24,76.4928
2014-12-29,76.6153
2014-12-30,76.01
2014-12-31,75.6159
2015-01-01,75.6159
2015-01-02,75.3713
2015-01-05,74.475
2015-01-06,74.5
2015-01-07,73.6078
2015-01-08,72.72
2015-01-09,72.6145
2015-01-12,72.3218
2015-01-13,72.2137
2015-01-14,72.051
2015-01-15,71.5671
2015-01-16,70.6768
2015-01-19,70.4532
2015-01-20,70.4764
2015-01-21,70.317
2015-01-22,70.6731
2015-01-23,67.6194
2015-01-26,68.0531
2015-01-27,68.1322
2015-01-28,68.7104
2015-01-29,68.868
2015-01-30,69.2211
2015-02-02,69.0062
2015-02-03,68.9624
2015-02-04,69.7877
2015-02-05,69.585
2015-02-06,69.6347
2015-02-09,69.3106
2015-02-10,69.1637
2015-02-11,69.4115
2015-02-12,69.6709
2015-02-13,69.989
2015-02-16,70.0294
2015-02-17,70.12
2015-02-18,69.8586
2015-02-19,69.7731
2015-02-20,69.4305
2015-02-23,69.4295
2015-02-24,69.4935
2015-02-25,69.17
2015-02-26,68.973
2015-02-27,68.3586
2015-03-02,68.5095
2015-03-03,68.1218
2015-03-04,68.281
2015-03-05,67.748
2015-03-06,67.285
2015-03-09,66.991
2015-03-10,66.38
2015-03-11,65.5737
2015-03-12,65.4671
2015-03-13,65.5921
2015-03-16,65.146
2015-03-17,65.546
2015-03-18,65.44
2015-03-19,65.885
2015-03-20,65.85
2015-03-23,66.8447
2015-03-24,67.346
2015-03-26,67.9
2015-03-27,66.612
2015-03-30,66.789
2015-03-31,66.191
2015-04-01,66.043
2015-04-02,66.2849
2015-04-03,66.2849
2015-04-06,66.2849
2015-04-07,66.649
2015-04-08,66.6832
2015-04-09,65.9851
2015-04-10,64.9171
2015-04-13,64.777
2015-04-14,64.937
2015-04-15,65.0728
2015-04-16,65.73
2015-04-17,66.445
2015-04-19,66.445
2015-04-20,66.4451
2015-04-21,66.143
2015-04-22,66.6832
2015-04-23,66.8875
2015-04-24,67.7586
2015-04-26,67.7586
2015-04-27,67.8734
2015-04-28,68.0666
2015-04-29,68.6
2015-04-30,70.0748
2015-05-01,70.0748
2015-05-04,69.9241
2015-05-05,69.6056
2015-05-06,70.32
2015-05-07,71.91
2015-05-08,70.7183
2015-05-11,70.2992
2015-05-12,71.215
2015-05-13,70.82
2015-05-14,71.786
2015-05-15,71.1549
2015-05-18,71.6717
2015-05-19,70.4132
2015-05-20,69.81
2015-05-21,70.0477
2015-05-22,70.0671
2015-05-25,68.7461
2015-05-26,68.7875
2015-05-27,68.695
2015-05-28,68.7489
2015-05-29,68.9892
2015-06-01,68.5763
2015-06-02,69.394
2015-06-03,70.0676
2015-06-04,71.7026
2015-06-05,70.6252
2015-06-08,70.3942
2015-06-09,71.0104
2015-06-10,71.08
2015-06-11,71.07
2015-06-12,70.7055
2015-06-15,70.89
2015-06-16,71.3118
2015-06-17,71.1639
2015-06-18,71.713
2015-06-19,70.797
2015-06-22,71.0662
2015-06-23,70.3304
2015-06-24,70.2776
2015-06-25,70.1937
2015-06-26,70.2655
2015-06-29,70.0736
2015-06-30,70.2165
2015-07-01,69.6897
2015-07-02,69.3064
2015-07-03,69.4993
2015-07-06,69.0142
2015-07-07,68.6857
2015-07-08,69.0158
2015-07-09,69.0599
2015-07-10,69.9424
2015-07-13,69.2628
2015-07-14,68.9196
2015-07-15,68.8825
2015-07-16,68.1667
2015-07-17,68.0579
2015-07-19,68.0579
2015-07-20,67.9375
2015-07-21,68.0275
2015-07-22,68.4548
2015-07-23,69.1275
2015-07-24,69.1088
2015-07-27,70.0296
2015-07-28,69.5479
2015-07-29,69.5638
2015-07-30,69.1668
2015-07-31,69.3828
2015-08-03,69.2013
2015-08-04,69.0207
2015-08-05,68.2794
2015-08-06,68.5498
2015-08-07,68.7605
2015-08-10,68.7726
2015-08-11,69.8824
2015-08-12,71.2115
2015-08-13,71.4077
2015-08-14,71.6389
2015-08-17,71.4059
2015-08-18,71.26
2015-08-19,70.9103
2015-08-20,72.251
2015-08-21,73.3821
2015-08-24,74.6351
2015-08-25,74.7422
2015-08-26,74.5352
2015-08-27,73.477
2015-08-28,73.5744
2015-08-31,73.5185
2015-09-01,73.6636
2015-09-02,73.5824
2015-09-03,73.3389
2015-09-04,73.0421
2015-09-07,73.521
2015-09-08,73.2432
2015-09-09,73.01
2015-09-10,73.362
2015-09-11,74.0144
2015-09-14,74.0776
2015-09-15,74.0486
2015-09-16,73.5561
2015-09-17,73.881
2015-09-18,74.1601
2015-09-21,73.14
2015-09-22,72.5312
2015-09-23,72.7217
2015-09-24,73.4083
2015-09-25,72.8287
2015-09-28,72.8334
2015-09-29,73.0684
2015-09-30,72.6113
2015-10-01,72.0765
2015-10-02,72.11
2015-10-05,72.41
2015-10-06,72.3
2015-10-07,72.1623
2015-10-08,72.5005
2015-10-09,72.5657
2015-10-11,72.5657
2015-10-12,72.6391
2015-10-13,73.1661
2015-10-14,73.1615
2015-10-15,73.106
2015-10-16,72.5425
2015-10-19,72.3292
2015-10-20,72.9993
2015-10-21,73.0236
2015-10-22,72.627
2015-10-23,70.994
2015-10-26,70.54
2015-10-27,70.88
2015-10-28,70.887
2015-10-29,70.5718
2015-10-30,70.9547
2015-11-02,71.2896
2015-11-03,71.0837
2015-11-04,70.5681
2015-11-05,70.515
2015-11-06,70.5824
2015-11-09,70.551
2015-11-10,70.1111
2015-11-11,69.9475
2015-11-12,69.7633
2015-11-13,70.315
2015-11-16,69.87
2015-11-17,69.3875
2015-11-18,69.6165
2015-11-19,69.8733
2015-11-20,69.7025
2015-11-23,69.44
2015-11-24,69.6124
2015-11-25,69.2278
2015-11-26,69.6521
2015-11-27,69.6481
2015-11-30,69.436
2015-12-01,69.5002
2015-12-02,69.4952
2015-12-03,69.314
2015-12-04,71.645
2015-12-07,71.083
2015-12-08,71.5549
2015-12-09,72.02
2015-12-10,72.08
2015-12-11,72.4315
2015-12-14,72.7121
2015-12-15,72.695
2015-12-16,71.8613
2015-12-17,70.97
2015-12-18,70.8521
2015-12-21,71.06
2015-12-22,71.555
2015-12-23,71.3218
2015-12-24,71.2702
2015-12-25,71.2702
2015-12-28,71.6717
2015-12-29,71.7825
2015-12-30,71.5215
2015-12-31,71.0666
2016-01-01,71.0666
2016-01-04,71.661
2016-01-05,70.6126
2016-01-06,70.815
2016-01-07,71.7207
2016-01-08,71.475
2016-01-11,71.798
2016-01-12,71.541
2016-01-13,71.3276
2016-01-14,72.7247
2016-01-15,72.7889
2016-01-18,72.715
2016-01-19,72.4282
2016-01-20,73.186
2016-01-21,73.145
2016-01-22,72.235
2016-01-23,72.235
2016-01-25,72.3
2016-01-26,72.46
2016-01-27,72.9852
2016-01-28,73.459
2016-01-29,73.0313
2016-02-01,72.7369
2016-02-02,73.2608
2016-02-03,73.3617
2016-02-04,74.532
2016-02-05,74.635
2016-02-08,74.605
2016-02-09,75.1558
2016-02-10,75.4021
2016-02-11,76.5605
2016-02-12,75.9189
2016-02-14,75.9189
2016-02-15,75.16
2016-02-16,75.3165
2016-02-17,75.329
2016-02-18,75.0102
2016-02-19,75.0889
2016-02-20,75.0889
2016-02-22,74.6948
2016-02-23,74.3575
2016-02-24,74.1552
2016-02-25,74.899
2016-02-26,74.7189
2016-02-29,73.436
2016-03-01,72.7855
2016-03-02,72.2777
2016-03-03,72.2679
2016-03-04,72.6618
2016-03-07,72.5149
2016-03-08,73.1582
2016-03-09,72.7335
2016-03-10,72.5484
2016-03-11,73.496
2016-03-14,73.5321
2016-03-15,73.7349
2016-03-16,73.628
2016-03-17,74.543
2016-03-18,73.8856
2016-03-19,73.8856
2016-03-21,73.9713
2016-03-22,73.835
2016-03-23,73.615
2016-03-24,73.6133
2016-03-25,73.6133
2016-03-28,73.6133
2016-03-29,73.501
2016-03-30,74.1483
2016-03-31,74.3466
2016-04-01,74.604
2016-04-04,74.258
2016-04-05,74.5146
2016-04-06,74.691
2016-04-07,74.653
2016-04-08,74.7129
2016-04-11,74.68
2016-04-12,74.808
2016-04-13,74.2753
2016-04-14,74.051
2016-04-15,74.0647
2016-04-18,74.229
2016-04-19,74.287
2016-04-20,74.2552
2016-04-21,74.056
2016-04-22,73.97
2016-04-25,74.037
2016-04-26,74.0605
2016-04-27,74.1565
2016-04-28,74.4728
2016-04-29,74.5716
2016-04-30,74.5716
2016-05-02,75.2378
2016-05-03,75.9524
2016-05-04,75.4892
2016-05-05,75.0257
2016-05-06,75.0712
2016-05-09,74.777
2016-05-10,74.7
2016-05-11,74.8613
2016-05-12,74.9085
2016-05-13,74.7466
2016-05-16,74.6503
2016-05-17,74.64
2016-05-18,74.4992
2016-05-19,74.474
2016-05-20,74.654
2016-05-23,74.5845
2016-05-24,74.658
2016-05-25,74.0774
2016-05-26,74.064
2016-05-27,73.9209
2016-05-30,73.87
2016-05-31,74.026
2016-06-01,74.2252
2016-06-02,74.354
2016-06-03,73.9869
2016-06-06,74.981
2016-06-07,74.824
2016-06-08,74.8078
2016-06-09,74.706
2016-06-10,74.4587
2016-06-13,74.6087
2016-06-14,74.468
2016-06-15,74.3341
2016-06-16,74.3603
2016-06-17,74.5527
2016-06-19,74.5527
2016-06-20,75.3066
2016-06-21,75.4567
2016-06-22,75.1559
2016-06-23,75.6794
2016-06-24,74.0185
2016-06-27,73.853
2016-06-28,74.323
2016-06-29,74.058
2016-06-30,74.2028
2016-07-01,73.9092
2016-07-02,73.9092
2016-07-04,73.8294
2016-07-05,74.2533
2016-07-06,73.5762
2016-07-07,73.683
2016-07-08,73.5245
2016-07-09,73.5245
2016-07-11,73.1473
2016-07-12,73.4937
2016-07-13,73.311
2016-07-14,73.294
2016-07-15,73.7029
2016-07-16,73.7029
2016-07-18,73.2388
2016-07-19,73.2434
2016-07-20,72.9892
2016-07-21,72.9624
2016-07-22,72.9229
2016-07-25,72.9725
2016-07-26,72.9968
2016-07-27,72.8317
2016-07-28,73.34
2016-07-29,73.426
2016-07-30,73.426
2016-08-01,73.5357
2016-08-02,73.6962
2016-08-03,73.991
2016-08-04,73.514
2016-08-05,73.4158
2016-08-08,73.0542
2016-08-09,73.122
2016-08-10,73.5018
2016-08-11,73.4884
2016-08-12,73.5598
2016-08-15,73.7007
2016-08-16,74.288
2016-08-17,74.438
2016-08-18,74.66
2016-08-19,74.905
2016-08-22,74.884
2016-08-23,74.9802
2016-08-24,74.6927
2016-08-25,74.6797
2016-08-26,74.7011
2016-08-27,74.7011
2016-08-28,74.7011
2016-08-29,74.1225
2016-08-30,73.8747
2016-08-31,73.5889
2016-09-01,73.7068
2016-09-02,73.7426
2016-09-05,73.1989
2016-09-06,73.2921
2016-09-07,73.6559
2016-09-08,73.9875
2016-09-09,74.1599
2016-09-11,74.1599
2016-09-12,74.0678
2016-09-13,74.1059
2016-09-14,74.0638
2016-09-15,74.2602
2016-09-16,74.2217
2016-09-17,74.2217
2016-09-19,73.7495
2016-09-20,73.9152
2016-09-21,73.6914
2016-09-22,73.952
2016-09-23,73.7934
2016-09-24,73.7934
2016-09-26,73.9376
2016-09-27,73.7658
2016-09-28,73.538
2016-09-29,74.0231
2016-09-30,73.331
2016-10-03,73.7779
2016-10-04,73.3327
2016-10-05,73.6656
2016-10-06,73.5727
2016-10-07,73.3261
2016-10-10,73.326
2016-10-11,72.7659
2016-10-12,72.5946
2016-10-13,72.7904
2016-10-14,72.4619
2016-10-15,72.4619
2016-10-17,72.4465
2016-10-18,72.4184
2016-10-19,72.2673
2016-10-20,72.3239
2016-10-21,71.8253
2016-10-22,71.8253
2016-10-24,71.7903
2016-10-25,71.7175
2016-10-26,71.9667
2016-10-27,72.0398
2016-10-28,71.8878
2016-10-31,72.1315
2016-11-01,72.5016
2016-11-02,73.0122
2016-11-03,72.9237
2016-11-04,73.0964
2016-11-07,72.768
2016-11-08,72.5608
2016-11-09,72.7782
2016-11-10,71.5861
2016-11-11,72.2043
2016-11-12,72.2043
2016-11-13,72.2043
2016-11-14,72.0897
2016-11-15,71.7889
2016-11-16,71.6404
2016-11-17,71.7911
2016-11-18,71.4256
2016-11-19,71.4256
2016-11-21,71.4193
2016-11-22,71.5223
2016-11-23,71.9319
2016-11-24,71.5913
2016-11-25,71.4675
2016-11-26,71.4675
2016-11-28,71.8423
2016-11-29,71.7355
2016-11-30,71.8643
2016-12-01,71.6283
2016-12-02,71.6668
2016-12-05,71.9539
2016-12-06,71.8724
2016-12-07,71.591
2016-12-08,71.6048
2016-12-09,70.4201
2016-12-10,70.4201
2016-12-11,70.4201
2016-12-12,70.5131
2016-12-13,70.6918
2016-12-14,70.8344
2016-12-15,69.6458
2016-12-16,69.8062
2016-12-17,69.8062
2016-12-19,69.7625
2016-12-20,69.6027
2016-12-21,69.6731
2016-12-22,70.0339
2016-12-23,69.8867
2016-12-26,69.8867
2016-12-27,70.0914
2016-12-28,70.0629
2016-12-29,70.148
2016-12-30,70.6388
2017-01-02,70.3983
2017-01-03,70.0548
2017-01-04,69.9911
2017-01-05,70.3257
2017-01-06,70.9418
2017-01-09,70.7639
2017-01-10,71.1081
2017-01-11,70.8936
2017-01-12,71.4921
2017-01-13,71.5814
2017-01-16,71.1325
2017-01-17,71.7574
2017-01-18,71.7115
2017-01-19,71.6563
2017-01-20,71.5432
2017-01-22,71.5432
2017-01-23,72.1388
2017-01-24,72.1798
2017-01-25,72.2046
2017-01-26,72.0363
2017-01-27,71.7498
2017-01-28,71.7498
2017-01-29,71.7498
2017-01-30,71.413
2017-01-31,71.8761
2017-02-01,71.8669
2017-02-02,71.8155
2017-02-03,71.2478
2017-02-04,71.2478
2017-02-06,71.1516
2017-02-07,70.9452
2017-02-08,70.5426
2017-02-09,70.3918
2017-02-10,70.1517
2017-02-11,70.1517
2017-02-13,70.2714
2017-02-14,70.0435
2017-02-15,69.6421
2017-02-16,70.2478
2017-02-17,70.4214
2017-02-18,70.4214
2017-02-20,70.0785
2017-02-21,69.5748
2017-02-22,69.3321
2017-02-23,69.5046
2017-02-24,69.6639
2017-02-25,69.6639
2017-02-27,69.6309
2017-02-28,69.706
2017-03-01,69.4001
2017-03-02,69.1929
2017-03-03,69.428
2017-03-04,69.428
2017-03-05,69.428
2017-03-06,69.5468
2017-03-07,69.4724
2017-03-08,69.4458
2017-03-09,69.5092
2017-03-10,69.691
2017-03-13,69.5542
2017-03-14,68.9293
2017-03-15,68.7446
2017-03-16,69.1242
2017-03-17,69.2586
2017-03-18,69.2586
2017-03-20,69.2836
2017-03-21,69.5687
2017-03-22,69.5916
2017-03-23,69.5947
2017-03-24,69.6753
2017-03-27,69.7203
2017-03-28,69.6678
2017-03-29,69.0206
2017-03-30,68.7195
2017-03-31,68.3504
2017-04-03,68.2928
2017-04-04,68.1298
2017-04-05,68.2603
2017-04-06,67.9229
2017-04-07,67.2473
2017-04-08,67.2473
2017-04-10,67.2783
2017-04-11,67.4113
2017-04-12,67.5818
2017-04-13,67.5194
2017-04-14,67.5194
2017-04-17,67.5194
2017-04-18,67.8675
2017-04-19,68.2558
2017-04-20,68.474
2017-04-21,68.1032
2017-04-24,68.9683
2017-04-25,68.9208
2017-04-26,68.8286
2017-04-27,68.893
2017-04-28,69.3539
2017-04-29,69.3539
2017-05-01,69.3539
2017-05-02,69.0997
2017-05-03,68.9727
2017-05-04,69.1349
2017-05-05,69.5192
2017-05-08,69.3969
2017-05-09,69.4583
2017-05-10,69.1594
2017-05-11,68.9756
2017-05-12,68.9728
2017-05-15,69.3337
2017-05-16,69.8257
2017-05-17,70.2525
2017-05-18,71.2045
2017-05-19,71.1688
2017-05-20,71.1688
2017-05-22,71.4523
2017-05-23,71.8402
2017-05-24,71.4843
2017-05-25,71.4711
2017-05-26,71.2932
2017-05-29,71.1174
2017-05-30,71.0906
2017-05-31,71.3459
2017-06-01,71.4679
2017-06-02,71.3028
2017-06-03,71.3028
2017-06-05,71.3505
2017-06-06,71.4699
2017-06-07,71.0968
2017-06-08,71.2484
2017-06-09,70.8459
2017-06-12,71.2834
2017-06-13,71.135
2017-06-14,71.0219
2017-06-15,70.9438
2017-06-16,70.9831
2017-06-19,71.1666
2017-06-20,70.8933
2017-06-21,70.9235
2017-06-22,71.0658
2017-06-23,71.0194
2017-06-24,71.0194
2017-06-25,71.0194
2017-06-26,71.0381
2017-06-27,71.6346
2017-06-28,72.3427
2017-06-29,72.6644
2017-06-30,72.683
2017-07-03,72.7278
2017-07-04,72.4473
2017-07-05,72.3311
2017-07-06,72.6014
2017-07-07,72.7056
2017-07-08,72.7056
2017-07-10,72.5042
2017-07-11,72.5801
2017-07-12,72.9348
2017-07-13,72.3716
2017-07-14,72.5714
2017-07-17,72.7597
2017-07-18,73.3468
2017-07-19,73.131
2017-07-20,73.1414
2017-07-21,73.899
2017-07-24,73.928
2017-07-25,74.0085
2017-07-26,73.9169
2017-07-27,74.0288
2017-07-28,74.1115
2017-07-31,74.2491
2017-08-01,74.6704
2017-08-02,74.2501
2017-08-03,74.3651
2017-08-04,74.5288
2017-08-07,74.2927
2017-08-08,74.1837
2017-08-09,73.9044
2017-08-10,74.0949
2017-08-11,74.4026
2017-08-14,74.6451
2017-08-15,74.3319
2017-08-16,74.0645
2017-08-17,74.0557
2017-08-18,74.3278
2017-08-21,74.4041
2017-08-22,74.3661
2017-08-23,74.5371
2017-08-24,74.5069
2017-08-25,74.6748
2017-08-28,75.2749
2017-08-29,76.0515
2017-08-30,75.4194
2017-08-31,74.8117
2017-09-01,75.2713
2017-09-04,75.2933
2017-09-05,75.2802
2017-09-06,75.473
2017-09-07,75.756
2017-09-08,76.0358
2017-09-11,75.7563
2017-09-12,75.4271
2017-09-13,75.705
2017-09-14,75.2635
2017-09-15,75.6104
2017-09-18,75.6642
2017-09-19,76.0957
2017-09-20,76.1581
2017-09-21,76.1639
2017-09-22,76.5185
2017-09-25,76.3477
2017-09-26,76.0811
2017-09-27,76.1601
2017-09-28,76.1835
2017-09-29,76.1497
2017-10-02,75.7001
2017-10-03,75.9753
2017-10-04,75.4859
2017-10-05,75.4296
2017-10-06,75.4861
2017-10-07,75.4861
2017-10-09,75.7725
2017-10-10,75.8759
2017-10-11,76.0295
2017-10-12,76.1538
2017-10-13,75.7613
2017-10-16,75.4088
2017-10-17,75.357
2017-10-18,75.5114
2017-10-19,75.8622
2017-10-20,75.661
2017-10-23,75.3357
2017-10-24,75.4923
2017-10-25,75.4877
2017-10-26,75.5709
2017-10-27,74.5981
2017-10-30,74.4342
2017-10-31,74.3586
2017-11-01,74.1692
2017-11-02,74.2981
2017-11-03,74.1788
2017-11-06,73.9738
2017-11-07,74.2313
2017-11-08,74.3528
2017-11-09,74.6238
2017-11-10,74.841
2017-11-11,74.841
2017-11-13,75.1936
2017-11-14,75.7075
2017-11-15,76.2504
2017-11-16,75.7836
2017-11-17,75.6715
2017-11-18,75.6715
2017-11-20,75.6657
2017-11-21,75.0582
2017-11-22,75.2368
2017-11-23,75.5173
2017-11-24,75.6813
2017-11-27,75.9904
2017-11-28,75.5584
2017-11-29,75.1441
2017-11-30,75.2985
2017-12-01,75.751
2017-12-02,75.751
2017-12-04,75.3664
2017-12-05,75.3907
2017-12-06,75.2136
2017-12-07,75.1106
2017-12-08,74.5927
2017-12-09,74.5927
2017-12-11,74.8934
2017-12-12,74.8139
2017-12-13,74.638
2017-12-14,75.1116
2017-12-15,74.5582
2017-12-18,74.7504
2017-12-19,74.6103
2017-12-20,74.8838
2017-12-21,74.9655
2017-12-22,74.9042
2017-12-25,74.9042
2017-12-26,74.9042
2017-12-27,75.2878
2017-12-28,75.4976
2017-12-29,75.5603
2017-12-30,75.5603
2018-01-01,75.5603
2018-01-02,75.5759
2018-01-03,75.33
2018-01-04,75.4731
2018-01-05,75.3707
2018-01-08,75.1105
2018-01-09,74.9903
2018-01-10,75.343
2018-01-11,75.0251
2018-01-12,76.176
2018-01-13,76.176
2018-01-15,76.8224
2018-01-16,77.2506
2018-01-17,76.9892
2018-01-18,77.1535
2018-01-19,77.3582
2018-01-20,77.3582
2018-01-22,77.2782
2018-01-23,77.0296
2018-01-24,77.5935
2018-01-25,77.8149
2018-01-26,78.0392
2018-01-29,77.7854
2018-01-30,78.1229
2018-01-31,78.2137
2018-02-01,78.6405
2018-02-02,79.006
2018-02-05,78.7854
2018-02-06,78.4809
2018-02-07,78.3585
2018-02-08,77.5848
2018-02-09,77.8246
2018-02-12,77.899
2018-02-13,78.3092
2018-02-14,78.0981
2018-02-15,78.706
2018-02-16,79.1159
2018-02-19,78.8092
2018-02-20,79.002
2018-02-21,78.7503
2018-02-22,78.8836
2018-02-23,78.6882
2018-02-24,78.6882
2018-02-25,78.6882
2018-02-26,78.9211
2018-02-27,78.8822
2018-02-28,78.6369
2018-03-01,78.407
2018-03-02,79.2454
2018-03-05,79.0795
2018-03-06,79.4869
2018-03-07,79.4999
2018-03-08,79.5873
2018-03-09,79.0911
2018-03-12,78.9404
2018-03-13,79.022
2018-03-14,79.2559
2018-03-15,79.0807
2018-03-16,78.9996
2018-03-19,78.9696
2018-03-20,79.1596
2018-03-21,79.0333
2018-03-22,79.1461
2018-03-23,79.2441
2018-03-24,79.2441
2018-03-26,79.4534
2018-03-27,79.4346
2018-03-28,79.7834
2018-03-29,79.1981
2018-03-30,79.1981
2018-04-01,79.1981
2018-04-02,79.1981
2018-04-03,78.8662
2018-04-04,79.0563
2018-04-05,78.8016
2018-04-06,78.5353
2018-04-09,78.7726
2018-04-10,79.1075
2018-04-11,79.6729
2018-04-12,79.5515
2018-04-13,79.3575
2018-04-16,79.9429
2018-04-17,80.2286
2018-04-18,80.1822
2018-04-19,80.2974
2018-04-20,80.2413
2018-04-21,80.2413
2018-04-23,80.2909
2018-04-24,80.0149
2018-04-25,80.5826
2018-04-26,80.3222
2018-04-27,79.6636
2018-04-30,79.2738
2018-05-01,79.2738
2018-05-02,79.0187
2018-05-03,78.8078
2018-05-04,79.0513
2018-05-05,79.0513
2018-05-07,79.0465
2018-05-08,78.683
2018-05-09,78.895
2018-05-10,78.9912
2018-05-11,79.3364
2018-05-13,79.3364
2018-05-14,79.9753
2018-05-15,80.0179
2018-05-16,78.9672
2018-05-17,78.8241
2018-05-18,79.1294
2018-05-19,79.1294
2018-05-21,79.0464
2018-05-22,79.3782
2018-05-23,79.1003
2018-05-24,79.0124
2018-05-25,78.3584
2018-05-28,77.5346
2018-05-29,77.3966
2018-05-30,77.4606
2018-05-31,77.7946
2018-06-01,77.5597
2018-06-02,77.5597
2018-06-04,77.7004
2018-06-05,77.4528
2018-06-06,77.7997
2018-06-07,78.3517
2018-06-08,78.4313
2018-06-09,78.4313
2018-06-11,78.4358
2018-06-12,78.5163
2018-06-13,78.5437
2018-06-14,79.0121
2018-06-15,77.8361
2018-06-18,78.0451
2018-06-19,77.8791
2018-06-20,77.7066
2018-06-21,77.5449
2018-06-22,77.9163
2018-06-25,78.3991
2018-06-26,78.5575
2018-06-27,78.8224
2018-06-28,78.6609
2018-06-29,78.7544
2018-07-02,79.0223
2018-07-03,78.9131
2018-07-04,78.9922
2018-07-05,79.5702
2018-07-06,79.6846
2018-07-07,79.685
2018-07-09,79.933
2018-07-10,79.543
2018-07-11,79.593
2018-07-12,78.902
2018-07-13,78.584
2018-07-16,79.416
2018-07-17,79.192
2018-07-18,78.759
2018-07-19,78.978
2018-07-20,79.281
2018-07-21,79.281
2018-07-22,79.281
2018-07-23,79.615
2018-07-24,79.639
2018-07-25,79.331
2018-07-26,79.42
2018-07-27,78.883
2018-07-30,79.198
2018-07-31,79.493
2018-08-01,78.993
2018-08-02,78.773
2018-08-03,78.617
2018-08-06,78.392
2018-08-07,78.627
2018-08-08,78.598
2018-08-09,78.523
2018-08-10,77.944
2018-08-13,78.479
2018-08-14,78.693
2018-08-15,78.133
2018-08-16,78.875
2018-08-17,78.814
2018-08-20,78.65
2018-08-21,79.464
2018-08-22,79.993
2018-08-23,80.239
2018-08-24,79.998
2018-08-27,80.445
2018-08-28,81.049
2018-08-29,81.317
2018-08-30,81.793
2018-08-31,81.737
2018-09-03,81.549
2018-09-04,81.69
2018-09-05,82.081
2018-09-06,82.594
2018-09-07,82.347
2018-09-10,82.825
2018-09-11,83.204
2018-09-12,82.492
2018-09-13,82.689
2018-09-14,83.039
2018-09-17,83.466
2018-09-18,83.9
2018-09-19,83.787
2018-09-20,83.399
2018-09-21,83.76
2018-09-22,83.76
2018-09-24,84.38
2018-09-25,84.436
2018-09-26,84.223
2018-09-27,84.064
2018-09-28,82.945
2018-10-01,83.585
2018-10-02,82.991
2018-10-03,83.612
2018-10-04,83.734
2018-10-05,83.906
2018-10-06,83.906
2018-10-07,83.906
2018-10-08,83.956
2018-10-09,84.13
2018-10-10,84.315
2018-10-11,84.755
2018-10-12,84.263
2018-10-15,84.637
2018-10-16,84.2
2018-10-17,83.998
2018-10-18,83.709
2018-10-19,83.143
2018-10-22,83.509
2018-10-23,83.372
2018-10-24,82.553
2018-10-25,82.536
2018-10-26,82.273
2018-10-28,82.273
2018-10-29,82.664
2018-10-30,82.603
2018-10-31,82.893
2018-11-01,82.702
2018-11-02,81.912
2018-11-05,82.106
2018-11-06,82.272
2018-11-07,82.359
2018-11-08,81.616
2018-11-09,81.313
2018-11-12,81.094
2018-11-13,80.779
2018-11-14,80.514
2018-11-15,80.431
2018-11-16,80.45
2018-11-17,80.45
2018-11-19,80.854
2018-11-20,80.688
2018-11-21,80.295
2018-11-22,79.725
2018-11-23,79.179
2018-11-24,79.179
2018-11-26,79.571
2018-11-27,79.089
2018-11-28,78.648
2018-11-29,78.377
2018-11-30,78.168
2018-12-01,78.168
2018-12-03,78.852
2018-12-04,79.37
2018-12-05,79.062
2018-12-06,79.389
2018-12-07,79.569
2018-12-10,80.391
2018-12-11,80.899
2018-12-12,80.599
2018-12-13,80.587
2018-12-14,80.199
2018-12-17,80.253
2018-12-18,79.268
2018-12-19,79.243
2018-12-20,78.91
2018-12-21,79.079
2018-12-24,78.941
2018-12-25,78.941
2018-12-26,78.941
2018-12-27,79.12
2018-12-28,79.199
2018-12-31,78.909
2019-01-01,78.909
2019-01-02,79.23
2019-01-03,78.607
2019-01-04,78.421
2019-01-07,78.508
2019-01-08,79.43
2019-01-09,79.741
2019-01-10,79.933
2019-01-11,80.236
2019-01-14,80.357
2019-01-15,80.206
2019-01-16,80.064
2019-01-17,79.876
2019-01-18,79.986
2019-01-21,79.713
2019-01-22,79.812
2019-01-23,80.043
2019-01-24,79.443
2019-01-25,79.511
2019-01-26,79.511
2019-01-28,80.013
2019-01-29,80.23
2019-01-30,80.364
2019-01-31,80.686
2019-02-01,80.552
2019-02-04,81.127
2019-02-05,80.603
2019-02-06,80.497
2019-02-07,79.769
2019-02-08,79.684
2019-02-09,79.684
2019-02-11,79.496
2019-02-12,78.602
2019-02-13,79.046
2019-02-14,78.972
2019-02-15,79.095
2019-02-19,79.511
2019-02-20,79.486
2019-02-21,79.755
2019-02-22,79.613
2019-02-23,79.613
2019-02-24,79.613
2019-02-25,79.464
2019-02-26,79.578
2019-02-27,80.28
2019-02-28,79.49
2019-03-01,79.644
2019-03-04,79.332
2019-03-05,79.018
2019-03-06,78.284
2019-03-07,78.05
2019-03-08,77.393
2019-03-10,77.393
2019-03-11,77.483
2019-03-12,77.328
2019-03-13,77.612
2019-03-14,77.097
2019-03-15,77.158
2019-03-18,76.739
2019-03-19,77.288
2019-03-20,77.144
2019-03-21,77.12
2019-03-22,76.828
2019-03-23,76.828
2019-03-25,76.879
2019-03-26,76.884
2019-03-27,76.707
2019-03-28,76.851
2019-03-29,76.662
2019-04-01,76.858
2019-04-02,76.276
2019-04-03,76.129
2019-04-04,76.502
2019-04-05,76.838
2019-04-08,77.312
2019-04-09,77.197
2019-04-10,77.068
2019-04-11,76.72
2019-04-12,77.371
2019-04-13,77.371
2019-04-14,77.371
2019-04-15,77.477
2019-04-16,77.61
2019-04-17,77.509
2019-04-18,77.287
2019-04-19,77.287
2019-04-22,77.287
2019-04-23,77.468
2019-04-24,77.297
2019-04-25,77.168
2019-04-26,77.007
2019-04-27,77.007
2019-04-29,76.872
2019-04-30,77.085
2019-05-01,77.085
2019-05-02,76.753
2019-05-03,76.301
2019-05-06,76.656
2019-05-07,76.71
2019-05-08,76.924
2019-05-09,77.26
2019-05-10,77.466
2019-05-13,78.177
2019-05-14,78.079
2019-05-15,77.753
2019-05-16,77.522
2019-05-17,77.376
2019-05-20,76.787
2019-05-21,76.736
2019-05-22,76.876
2019-05-23,76.974
2019-05-24,76.8
2019-05-25,76.8
2019-05-27,76.834
2019-05-28,76.926
2019-05-29,76.959
2019-05-30,76.818
2019-05-31,76.829
2019-06-02,76.829
2019-06-03,76.4
2019-06-04,77.006
2019-06-05,76.965
2019-06-06,76.853
2019-06-07,77.24
2019-06-10,77.74
2019-06-11,77.572
2019-06-12,77.519
2019-06-13,77.504
2019-06-14,77.594
2019-06-15,77.594
2019-06-17,77.403
2019-06-18,77.123
2019-06-19,77.151
2019-06-20,77.547
2019-06-21,77.673
2019-06-24,78.064
2019-06-25,78.016
2019-06-26,77.621
2019-06-27,77.648
2019-06-28,77.652
2019-07-01,77.257
2019-07-02,76.959
2019-07-03,76.723
2019-07-04,76.253
2019-07-05,75.998
2019-07-08,75.935
2019-07-09,75.79
2019-07-10,75.91
2019-07-11,76.044
2019-07-12,76.072
2019-07-15,76.254
2019-07-16,75.952
2019-07-17,76.261
2019-07-18,76.089
2019-07-19,76.268
2019-07-20,76.268
2019-07-22,76.32
2019-07-23,76.069
2019-07-24,75.92
2019-07-25,75.799
2019-07-26,75.677
2019-07-29,75.54
2019-07-30,75.754
2019-07-31,75.697
2019-08-01,75.21
2019-08-02,75.8
2019-08-05,77.476
2019-08-06,78.205
2019-08-07,77.981
2019-08-08,78.023
2019-08-09,78.07
2019-08-12,78.825
2019-08-13,78.746
2019-08-14,78.322
2019-08-15,78.549
2019-08-16,77.676
2019-08-19,78.281
2019-08-20,78.275
2019-08-21,78.362
2019-08-22,78.254
2019-08-23,78.139
2019-08-24,78.139
2019-08-26,78.927
2019-08-27,78.471
2019-08-28,78.678
2019-08-29,78.378
2019-08-30,77.833
2019-09-02,77.308
2019-09-03,78.117
2019-09-04,78.416
2019-09-05,78.389
2019-09-06,77.976
2019-09-07,77.976
2019-09-09,77.836
2019-09-10,78.369
2019-09-11,77.916
2019-09-12,77.436
2019-09-13,77.591
2019-09-16,77.982
2019-09-17,78.214
2019-09-18,77.659
2019-09-19,77.672
2019-09-20,77.24
2019-09-23,76.84
2019-09-24,77.019
2019-09-25,77.057
2019-09-26,76.45
2019-09-27,76.21
2019-09-28,76.21
2019-09-30,76.131
2019-10-01,76.408
2019-10-02,76.65
2019-10-03,76.685
2019-10-04,76.813
2019-10-05,76.813
2019-10-07,76.922
2019-10-08,77.179
2019-10-09,77
2019-10-10,77.366
2019-10-11,77.416
2019-10-13,77.4161
2019-10-14,77.5252
2019-10-15,77.8149
2019-10-16,77.7743
2019-10-17,78.1068
2019-10-18,78.2355
2019-10-21,78.0515
2019-10-22,78.1051
2019-10-23,77.8226
2019-10-24,78.0617
2019-10-25,77.8236
2019-10-28,77.4955
2019-10-29,77.4812
2019-10-30,77.7316
2019-10-31,78.1248
2019-11-01,77.9609
2019-11-04,77.9864
2019-11-05,77.578
2019-11-06,77.4827
2019-11-07,77.5851
2019-11-08,77.6558
2019-11-11,77.9011
2019-11-12,77.8961
2019-11-13,78.3156
2019-11-14,78.0483
2019-11-15,78.21
2019-11-16,78.21
2019-11-18,78.4056
2019-11-19,78.3906
2019-11-20,78.3969
2019-11-21,78.5319
2019-11-22,78.3103
2019-11-25,77.9942
2019-11-26,77.7844
2019-11-27,77.552
2019-11-28,77.7906
2019-11-29,77.8873
2019-12-01,77.8873
2019-12-02,77.9365
2019-12-03,78.3897
2019-12-04,78.1943
2019-12-05,78.0384
2019-12-06,78.0113
2019-12-09,77.6923
2019-12-10,77.6149
2019-12-11,77.5153
2019-12-12,77.8991
2019-12-13,78.094
2019-12-16,78.0724
2019-12-17,78.1971
2019-12-18,78.0085
2019-12-19,78.0681
2019-12-20,78.0039
2019-12-23,77.9135
2019-12-24,77.9599
2019-12-25,77.9599
2019-12-26,77.9599
2019-12-27,78.5864
2019-12-30,78.8604
2019-12-31,79.15
2020-01-01,79.15
2020-01-02,78.8386
2020-01-03,78.9405
2020-01-06,79.4375
2020-01-07,79.1749
2020-01-08,78.6693
2020-01-09,77.9566
2020-01-10,77.5939
2020-01-11,77.5939
2020-01-12,77.5939
2020-01-13,77.6184
2020-01-14,77.7781
2020-01-15,77.9183
2020-01-16,77.9946
2020-01-17,77.8356
2020-01-20,77.7494
2020-01-21,77.9899
2020-01-22,77.848
2020-01-23,77.9885
2020-01-24,77.6756
2020-01-27,77.7406
2020-01-28,77.5194
2020-01-29,77.4041
2020-01-30,77.6822
2020-01-31,77.6828
2020-02-03,77.8792
2020-02-04,77.7597
2020-02-05,77.4716
2020-02-06,77.21
2020-02-07,77.0549
2020-02-10,77.0735
2020-02-11,76.7224
2020-02-12,76.7044
2020-02-13,76.3996
2020-02-14,76.2678
2020-02-17,76.2062
2020-02-18,76.4861
2020-02-19,76.0477
2020-02-20,76.265
2020-02-21,76.7967
2020-02-24,76.6623
2020-02-25,76.8205
2020-02-26,76.9949
2020-02-27,76.9949
2020-02-28,78.4159
2020-03-02,79.446
2020-03-03,80.3749
2020-03-04,80.5406
2020-03-05,80.8445
2020-03-06,82.4675
2020-03-09,83.4953
2020-03-10,83.2335
2020-03-11,82.4072
2020-03-12,82.2623
2020-03-13,81.3536
2020-03-16,81.8957
2020-03-17,80.748
2020-03-18,80.481
2020-03-19,79.496
2020-03-20,79.2789
2020-03-23,80.491
2020-03-24,81.5121
2020-03-25,81.5705
2020-03-26,81.4994
2020-03-27,81.7651
2020-03-29,81.7651
2020-03-30,82.6657
2020-03-31,81.55
2020-04-01,81.4406
2020-04-02,82.4301
2020-04-03,80.8716
2020-04-06,81.3027
2020-04-07,81.2513
2020-04-08,81.8347
2020-04-09,81.8226
2020-04-10,81.8226
2020-04-13,81.8226
2020-04-14,82.3767
2020-04-15,82.334
2020-04-16,82.6475
2020-04-17,81.8421
2020-04-18,81.8421
2020-04-20,82.1865
2020-04-21,82.2839
2020-04-22,82.1341
2020-04-23,81.0426
2020-04-24,81.3173
2020-04-27,81.6586
2020-04-28,81.8935
2020-04-29,81.1782
2020-04-30,80.6326
2020-05-01,80.6326
2020-05-04,81.6616
2020-05-05,81.0853
2020-05-06,80.9221
2020-05-07,80.8241
2020-05-08,80.9513
2020-05-11,80.9712
2020-05-12,80.5622
2020-05-13,80.8088
2020-05-14,80.4446
2020-05-15,80.9092
2020-05-18,81.1799
2020-05-19,81.9778
2020-05-20,81.8549
2020-05-21,81.9456
2020-05-22,81.7584
2020-05-25,81.7111
2020-05-26,81.8726
2020-05-27,82.3236
2020-05-28,82.4397
2020-05-29,83.1353
2020-06-01,82.8684
2020-06-02,82.8966
2020-06-03,83.5375
2020-06-04,83.6794
2020-06-05,84.6948
2020-06-08,84.1152
2020-06-09,84.2017
2020-06-10,84.8571
2020-06-11,85.1442
2020-06-12,84.7506
2020-06-15,84.593
2020-06-16,85.1183
2020-06-17,84.602
2020-06-18,84.6044
2020-06-19,84.3185
2020-06-22,84.2491
2020-06-23,84.3391
2020-06-24,84.4946
2020-06-25,83.7163
2020-06-26,83.872
2020-06-29,84.1731
2020-06-30,83.721
2020-07-01,83.6826
2020-07-02,83.3725
2020-07-03,82.8454
2020-07-06,83.3036
2020-07-07,83.4431
2020-07-08,83.6278
2020-07-09,83.8357
2020-07-10,83.8179
2020-07-11,83.8179
2020-07-12,83.8179
2020-07-13,84.1788
2020-07-14,84.7213
2020-07-15,84.9486
2020-07-16,84.732
2020-07-17,84.6782
2020-07-20,84.6474
2020-07-21,84.3568
2020-07-22,85.239
2020-07-23,85.497
2020-07-24,85.673
2020-07-27,86.6638
2020-07-28,86.8287
2020-07-29,86.7162
2020-07-30,86.8206
2020-07-31,87.5195
2020-08-03,86.8437
2020-08-04,87.3665
2020-08-05,87.5538
2020-08-06,87.5679
2020-08-07,87.5427
2020-08-08,87.5427
2020-08-10,86.8953
2020-08-11,87.0412
2020-08-12,87.085
2020-08-13,87.6274
2020-08-14,87.3313
2020-08-17,87.6869
2020-08-18,87.841
2020-08-19,88.1694
2020-08-20,87.6579
2020-08-21,87.2274
2020-08-24,86.7034
2020-08-25,86.7726
2020-08-26,86.6946
2020-08-27,86.0973
2020-08-28,86.2637
2020-08-31,86.4361
2020-09-01,86.1155
2020-09-02,85.7959
2020-09-03,85.4638
2020-09-04,85.6016
2020-09-07,85.5151
2020-09-08,85.5367
2020-09-09,85.4884
2020-09-10,85.7725
2020-09-11,86.2066
2020-09-14,86.0291
2020-09-15,86.2554
2020-09-16,86.1778
2020-09-17,85.7743
2020-09-18,85.8019
2020-09-21,85.3987
2020-09-22,85.3257
2020-09-23,85.0538
2020-09-24,84.8501
2020-09-25,84.8441
2020-09-28,84.8176
2020-09-29,85.3185
2020-09-30,85.3498
2020-10-01,84.9153
2020-10-02,84.9337
2020-10-05,85.0977
2020-10-06,85.5151
2020-10-07,85.1816
2020-10-08,85.1154
2020-10-09,85.2771
2020-10-12,85.4785
2020-10-13,85.4516
2020-10-14,85.0344
2020-10-15,85.0324
2020-10-16,84.8344
2020-10-19,85.2646
2020-10-20,85.7983
2020-10-21,86.3978
2020-10-22,86.1633
2020-10-23,86.2202
2020-10-26,86.4688
2020-10-27,86.095
2020-10-28,85.7769
2020-10-29,86.2144
2020-10-30,86.0215
2020-11-02,85.731
2020-11-03,86.0982
2020-11-04,86.3457
2020-11-05,86.5284
2020-11-06,87.0512
2020-11-09,86.8414
2020-11-10,86.5916
2020-11-11,86.5499
2020-11-12,87.1345
2020-11-13,87.1942
2020-11-16,87.0523
2020-11-17,87.476
2020-11-18,87.0827
2020-11-19,86.8324
2020-11-20,86.9932
2020-11-23,87.1561
2020-11-24,86.8782
2020-11-25,86.8462
2020-11-26,86.8839
2020-11-27,87.2668
2020-12-01,87.1683
2020-12-02,87.9218
2020-12-03,88.6184
2020-12-04,88.7232
2020-12-07,88.5239
2020-12-08,88.118
2020-12-09,88.1763
2020-12-10,88.1123
2020-12-11,88.4564
2020-12-14,88.3802
2020-12-15,88.4491
2020-12-16,88.6089
2020-12-17,89.018
2020-12-18,89.0203
2020-12-21,89.0445
2020-12-22,89.4365
2020-12-23,88.8177
2020-12-24,88.6938
2020-12-25,88.6938
2020-12-28,88.644
2020-12-29,88.9072
2020-12-30,88.9389
2020-12-31,88.6896
2021-01-01,88.6896
2021-01-04,88.7676
2021-01-05,88.9535
2021-01-06,89.1218
2021-01-07,88.5987
2021-01-08,88.7527
2021-01-09,88.7527
2021-01-11,88.2449
2021-01-12,88.0061
2021-01-13,87.9765
2021-01-14,87.6294
2021-01-15,87.4979
2021-01-16,87.4979
2021-01-18,87.4041
2021-01-19,87.7146
2021-01-20,87.4086
2021-01-21,87.5589
2021-01-22,87.9112
2021-01-25,87.503
2021-01-26,87.4864
2021-01-27,87.1234
2021-01-28,87.4103
2021-01-29,87.3998
2021-02-01,87.0053
2021-02-02,86.6721
2021-02-03,86.5726
2021-02-04,86.3266
2021-02-05,86.2384
2021-02-08,86.5904
2021-02-09,87.2516
2021-02-10,87.3286
2021-02-11,87.1875
2021-02-12,87.0348
2021-02-15,87.0249
2021-02-16,87.3422
2021-02-17,86.8301
2021-02-18,86.592
2021-02-19,87.0211
2021-02-20,87.0211
2021-02-22,86.7748
2021-02-23,87.0704
2021-02-24,86.9628
2021-02-25,87.4718
2021-02-26,87.5663
2021-03-01,87.5332
2021-03-02,87.2113
2021-03-03,86.908
2021-03-04,86.6011
2021-03-05,85.865
2021-03-08,85.6364
2021-03-09,85.8992
2021-03-10,85.6927
2021-03-11,85.9005
2021-03-12,85.6366
2021-03-14,85.6366
2021-03-15,85.3225
2021-03-16,85.6874
2021-03-17,85.1791
2021-03-18,85.4767
2021-03-19,85.1904
2021-03-21,85.1904
2021-03-22,85.2322
2021-03-23,84.8046
2021-03-24,84.9375
2021-03-25,84.6571
2021-03-26,84.2202
2021-03-29,84.4869
2021-03-30,85.3392
2021-03-31,84.7896
2021-04-01,85.2055
2021-04-02,85.2055
2021-04-05,85.2055
2021-04-06,85.7246
2021-04-07,87.1271
2021-04-08,87.6069
2021-04-09,87.7862
2021-04-10,87.7862
2021-04-12,88.1464
2021-04-13,88.6529
2021-04-14,88.8413
2021-04-15,88.6552
2021-04-16,88.0183
2021-04-17,88.0183
2021-04-18,88.0183
2021-04-19,89.1656
2021-04-20,89.3797
2021-04-21,89.5857
2021-04-22,89.4384
2021-04-23,89.2903
2021-04-24,89.2903
2021-04-26,89.3701
2021-04-27,89.0016
2021-04-28,88.7839
2021-04-29,88.8099
2021-04-30,88.4877
2021-05-01,88.4877
2021-05-03,88.1073
2021-05-04,87.7016
2021-05-05,87.7625
2021-05-06,87.7956
2021-05-07,87.6737
2021-05-08,87.6737
2021-05-10,88.1681
2021-05-11,88.0793
2021-05-12,88.0656
2021-05-13,87.8031
2021-05-14,87.7608
2021-05-17,87.9164
2021-05-18,88.0574
2021-05-19,88.2799
2021-05-20,88.1568
2021-05-21,87.9071
2021-05-24,87.9179
2021-05-25,88.1291
2021-05-26,87.9663
2021-05-27,87.5553
2021-05-28,87.2638
2021-05-31,87.4059
2021-06-01,88.123
2021-06-02,87.998
2021-06-03,87.9172
2021-06-04,87.4297
2021-06-07,87.5021
2021-06-08,87.7556
2021-06-09,87.9527
2021-06-10,87.9337
2021-06-11,87.7888
2021-06-14,87.7669
2021-06-15,87.8683
2021-06-16,87.8251
2021-06-17,87.5246
2021-06-18,87.0572
2021-06-21,87.1732
2021-06-22,87.4216
2021-06-23,87.505
2021-06-24,87.5483
2021-06-25,87.6337
2021-06-27,87.6337
2021-06-28,87.5805
2021-06-29,87.4234
2021-06-30,87.3839
2021-07-01,87.4726
2021-07-02,87.3758
2021-07-03,87.3758
2021-07-05,87.3159
2021-07-06,87.0718
2021-07-07,87.2216
2021-07-08,87.4049
2021-07-09,87.4058
2021-07-10,87.4058
2021-07-12,87.3163
2021-07-13,87.2234
2021-07-14,86.9305
2021-07-15,87.0205
2021-07-16,86.978
2021-07-17,86.978
2021-07-19,87.1656
2021-07-20,87.0469
2021-07-21,86.7898
2021-07-22,86.6824
2021-07-23,86.552
2021-07-24,86.552
2021-07-26,86.784
2021-07-27,86.768
2021-07-28,86.7509
2021-07-29,87.1748
2021-07-30,87.4438
2021-08-02,87.4198
2021-08-03,87.2327
2021-08-04,86.918
2021-08-05,86.7767
2021-08-06,86.4987
2021-08-07,86.4987
2021-08-08,86.4987
2021-08-09,86.2161
2021-08-10,86.1828
2021-08-11,86.1808
2021-08-12,86.1163
2021-08-13,86.2598
2021-08-16,86.3903
2021-08-17,86.3817
2021-08-18,85.9339
2021-08-19,85.9653
2021-08-20,85.8599
2021-08-21,85.8599
2021-08-22,85.8599
2021-08-23,86.0786
2021-08-24,84.999
2021-08-25,86.2097
2021-08-26,86.347
2021-08-27,86.0872
2021-08-30,85.3349
2021-08-31,85.3363
2021-09-01,85.3631
2021-09-02,85.5504
2021-09-03,85.6747
2021-09-06,85.662
2021-09-07,86.2105
2021-09-08,85.8032
2021-09-09,86.0125
2021-09-10,85.8643
2021-09-13,85.7039
2021-09-14,85.8597
2021-09-15,86.1014
2021-09-16,85.3977
2021-09-17,85.6345
2021-09-20,85.2662
2021-09-21,85.3975
2021-09-22,85.6204
2021-09-23,85.3601
2021-09-24,85.4907
2021-09-27,85.2733
2021-09-28,85.4766
2021-09-29,85.4764
2021-09-30,84.8568
2021-10-01,84.8803
2021-10-04,85.3901
2021-10-05,85.4055
2021-10-06,85.5626
2021-10-07,85.4229
2021-10-08,85.7774
2021-10-09,85.7774
2021-10-11,86.1945
2021-10-12,86.1948
2021-10-13,86.1515
2021-10-14,86.3612
2021-10-15,86.0251
2021-10-18,86.2889
2021-10-19,86.508
2021-10-20,86.0805
2021-10-21,86.0439
2021-10-22,85.9517
2021-10-23,85.9517
2021-10-25,86.18
2021-10-26,86.165
2021-10-27,86.0183
2021-10-28,85.8897
2021-10-29,86.2704
2021-11-01,85.697
2021-11-02,85.6868
2021-11-03,85.3
2021-11-04,85.0393
2021-11-05,84.6811
2021-11-08,84.7022
2021-11-09,84.6804
2021-11-10,84.8668
2021-11-11,84.463
2021-11-12,84.2624
2021-11-15,84.2183
2021-11-16,83.556
2021-11-17,83.1448
2021-11-18,83.1232
2021-11-19,82.8242
2021-11-22,82.9443
2021-11-23,82.6463
2021-11-24,82.3946
2021-11-25,82.4806
2021-11-26,83.4598
2021-11-29,83.693
2021-11-30,84.2239
2021-12-01,83.749
2021-12-02,83.9802
2021-12-03,83.9193
2021-12-04,83.9193
2021-12-06,84.0589
2021-12-07,83.889
2021-12-08,84.0774
2021-12-09,84.4207
2021-12-10,84.3889
2021-12-11,84.3889
2021-12-12,84.3889
2021-12-13,84.4203
2021-12-14,84.8659
2021-12-15,85.0288
2021-12-16,84.9363
2021-12-17,84.0701
2021-12-18,84.0701
2021-12-20,84.5393
2021-12-21,84.2742
2021-12-22,84.3593
2021-12-23,84.1607
2021-12-24,83.9625
2021-12-27,83.8116
2021-12-28,83.6178
2021-12-29,83.4637
2021-12-30,83.2464
2021-12-31,83.168
2022-01-03,83.3997
2022-01-04,82.9385
2022-01-05,83.1058
2022-01-06,83.2027
2022-01-07,83
2022-01-08,83
2022-01-10,82.8917
2022-01-11,82.7907
2022-01-12,83.0731
2022-01-13,83.6199
2022-01-14,83.8765
2022-01-17,83.7375
2022-01-18,83.9203
2022-01-19,83.298
2022-01-20,83.4905
2022-01-21,83.2877
2022-01-24,83.2713
2022-01-25,83.2413
2022-01-26,83.4196
2022-01-27,82.832
2022-01-28,82.5968
2022-01-30,82.5968
2022-01-31,82.3596
2022-02-01,83.2704
2022-02-02,83.7851
2022-02-03,83.3631
2022-02-04,84.7539
2022-02-07,84.4219
2022-02-08,84.3661
2022-02-09,84.5424
2022-02-10,84.604
2022-02-11,84.7521
2022-02-12,84.7521
2022-02-14,84.3358
2022-02-15,84.5715
2022-02-16,84.3533
2022-02-17,84.2223
2022-02-18,83.8475
2022-02-21,83.6627
2022-02-22,83.8085
2022-02-23,83.5863
2022-02-24,83.5
2022-02-25,83.1971
2022-02-26,83.1971
2022-02-27,83.1971
2022-02-28,83.478
2022-03-01,83.6017
2022-03-02,83.0957
2022-03-03,83.2532
2022-03-04,82.6152
2022-03-05,82.6152
2022-03-07,82.5351
2022-03-08,82.6647
2022-03-09,83.2737
2022-03-10,83.2021
2022-03-11,83.0739
2022-03-14,82.7391
2022-03-15,83.0166
2022-03-16,82.9225
2022-03-17,82.7238
2022-03-18,82.8911
2022-03-21,82.9018
2022-03-22,82.7643
2022-03-23,82.903
2022-03-24,82.7395
2022-03-25,82.8911
2022-03-26,82.8911
2022-03-28,82.6516
2022-03-29,82.9496
2022-03-30,83.5036
2022-03-31,82.9684
2022-04-01,83.0638
2022-04-02,83.0638
2022-04-04,82.0834
2022-04-05,81.6151
2022-04-06,81.6819
2022-04-07,81.7338
2022-04-08,81.5497
2022-04-11,81.8985
2022-04-12,81.7053
2022-04-13,81.444
2022-04-14,82.01
2022-04-15,82.01
2022-04-18,82.01
2022-04-19,81.3393
2022-04-20,82.0179
2022-04-21,81.9794
2022-04-22,81.5802
2022-04-23,81.5802
2022-04-25,81.1351
2022-04-26,80.9084
2022-04-27,80.2484
2022-04-28,79.2694
2022-04-29,79.7212
2022-05-02,79.4292
2022-05-03,79.533
2022-05-04,79.397
2022-05-05,79.7803
2022-05-06,80.2653
2022-05-09,80.7022
2022-05-10,80.6486
2022-05-11,80.5019
2022-05-12,79.8502
2022-05-13,79.3356
2022-05-16,79.9625
2022-05-17,80.4579
2022-05-18,80.525
2022-05-19,80.7604
2022-05-20,81.12
2022-05-23,81.7726
2022-05-24,82.1125
2022-05-25,81.6538
2022-05-26,82.1327
2022-05-27,82.0272
2022-05-30,82.5139
2022-05-31,82.0117
2022-06-01,82.0901
2022-06-02,81.9314
2022-06-03,82.3657
2022-06-04,82.3657
2022-06-06,82.2352
2022-06-07,82.0389
2022-06-08,82.2656
2022-06-09,82.3091
2022-06-10,81.4135
2022-06-11,81.4135
2022-06-13,80.7472
2022-06-14,80.4452
2022-06-15,80.7952
2022-06-16,80.1902
2022-06-17,81.0981
2022-06-18,81.0981
2022-06-20,81.1496
2022-06-21,81.3627
2022-06-22,81.2769
2022-06-23,81.2647
2022-06-24,81.4592
2022-06-27,81.8514
2022-06-28,82.2779
2022-06-29,82.0901
2022-06-30,81.0327
2022-07-01,81.4923
2022-07-04,81.5106
2022-07-05,80.4754
2022-07-06,79.8795
2022-07-07,79.6844
2022-07-08,79.3437
2022-07-09,79.3437
2022-07-11,79.277
2022-07-12,78.7392
2022-07-13,79.0725
2022-07-14,78.9477
2022-07-15,79.2909
2022-07-16,79.2909
2022-07-18,80.1566
2022-07-19,81.0639
2022-07-20,80.5534
2022-07-21,80.4407
2022-07-22,80.2132
2022-07-23,80.2132
2022-07-25,80.6469
2022-07-26,79.9035
2022-07-27,80.1047
2022-07-28,79.8512
2022-07-29,80.1343
2022-08-01,80.0011
2022-08-02,79.4175
2022-08-03,79.6075
2022-08-04,79.8193
2022-08-05,80.0077
2022-08-06,80.0077
2022-08-08,80.0796
2022-08-09,80.3395
2022-08-10,80.3932
2022-08-11,81.2308
2022-08-12,80.9267
2022-08-15,80.1276
2022-08-16,79.4006
2022-08-17,79.7386
2022-08-18,80.0178
2022-08-19,79.2046
2022-08-20,79.2046
2022-08-22,78.9299
2022-08-23,78.2233
2022-08-24,78.2441
2022-08-25,78.6803
2022-08-26,78.9377
2022-08-27,78.9377
2022-08-29,78.7996
2022-08-30,78.6963
2022-08-31,78.3251
2022-09-01,78.611
2022-09-02,78.7061
2022-09-05,78.3329
2022-09-06,78.1889
2022-09-07,78.0473
2022-09-08,78.7897
2022-09-09,79.0379
2022-09-10,79.0379
2022-09-12,79.6196
2022-09-13,79.5057
2022-09-14,78.5236
2022-09-15,78.3829
2022-09-16,78.6104
2022-09-17,78.0473
2022-09-19,78.5942
2022-09-20,78.7178
2022-09-21,78.2966
2022-09-22,78.6894
2022-09-23,77.8775
2022-09-24,77.8775
2022-09-26,77.5949
2022-09-27,77.5395
2022-09-28,77.4206
2022-09-29,78.5479
2022-09-30,78.5045
2022-10-03,78.9958
2022-10-04,79.689
2022-10-05,79.9244
2022-10-06,79.9066
2022-10-07,79.6881
2022-10-08,79.6881
2022-10-10,78.7652
2022-10-11,79.0472
2022-10-12,78.9529
2022-10-13,79.117
2022-10-14,79.1956
2022-10-17,79.322
2022-10-18,79.8202
2022-10-19,80.2214
2022-10-20,80.1235
2022-10-21,79.6496
2022-10-22,79.6496
2022-10-24,80.2786
2022-10-25,80.575
2022-10-26,81.214
2022-10-27,81.5862
2022-10-28,81.354
2022-10-31,81.2991
2022-11-01,81.0865
2022-11-02,80.8622
2022-11-03,79.746
2022-11-04,79.5678
2022-11-05,79.5678
2022-11-06,79.5678
2022-11-07,80.9615
2022-11-08,80.5452
2022-11-09,80.7872
2022-11-10,80.3101
2022-11-11,82.1661
2022-11-12,82.1661
2022-11-14,82.5524
2022-11-15,83.2998
2022-11-16,83.6482
2022-11-17,83.4242
2022-11-18,83.6647
2022-11-21,82.6937
2022-11-22,82.829
2022-11-23,83.4589
2022-11-24,83.9279
2022-11-25,83.811
2022-11-28,84.4911
2022-11-29,83.7665
2022-11-30,83.286
2022-12-01,83.8111
2022-12-02,84.6002
2022-12-03,84.6002
2022-12-05,85.4006
2022-12-06,85.8546
2022-12-07,85.4664
2022-12-08,85.6069
2022-12-09,85.9043
2022-12-10,85.9043
2022-12-12,86.1824
2022-12-13,86.0544
2022-12-14,86.8897
2022-12-15,86.8924
2022-12-16,87.0619
2022-12-17,87.0619
2022-12-19,86.6294
2022-12-20,87.0433
2022-12-21,86.7487
2022-12-22,86.7967
2022-12-23,86.9051
2022-12-26,86.9051
2022-12-27,87.279
2022-12-28,87.1974
2022-12-29,87.0454
2022-12-30,87.1567
2023-01-02,87.4391
2023-01-03,86.3079
2023-01-04,86.79
2023-01-05,86.753
2023-01-06,85.6909
2023-01-09,87.0121
2023-01-10,86.7694
2023-01-11,86.6392
2023-01-12,86.756
2023-01-13,86.9448
2023-01-14,86.9448
2023-01-16,87.4674
2023-01-17,87.5624
2023-01-18,86.88
2023-01-19,87.0261
2023-01-20,86.8503
2023-01-23,87.5169
2023-01-24,87.7372
2023-01-25,87.6801
2023-01-26,87.8712
2023-01-27,87.6802
2023-01-28,87.6802
2023-01-30,87.7588
2023-01-31,87.8552
2023-02-01,88.2918
2023-02-02,89.3678
2023-02-03,88.432
2023-02-04,88.432
2023-02-06,88.0276
2023-02-07,87.5223
2023-02-08,87.5423
2023-02-09,87.7948
2023-02-10,87.2772
2023-02-11,87.2772
2023-02-13,87.2585
2023-02-14,87.9869
2023-02-15,87.6871
2023-02-16,87.48
2023-02-17,86.9856
2023-02-18,86.9856
2023-02-19,86.9856
2023-02-20,87.346
2023-02-21,87.248
2023-02-22,87.0028
2023-02-23,86.7216
2023-02-24,86.5482
2023-02-25,86.5482
2023-02-27,86.5115
2023-02-28,86.697
2023-03-01,87.0302
2023-03-02,86.7519
2023-03-03,85.9711
2023-03-06,86.1514
2023-03-07,86.1514
2023-03-08,85.4737
2023-03-09,85.644
2023-03-10,85.8486
2023-03-11,85.8486
2023-03-13,86.5555
2023-03-14,87.4177
2023-03-15,86.621
2023-03-16,86.7654
2023-03-17,86.786
2023-03-18,86.786
2023-03-20,87.4515
2023-03-21,88.038
2023-03-22,88.213
2023-03-23,88.4184
2023-03-24,87.5414
2023-03-27,87.6624
2023-03-28,87.98
2023-03-29,88.3125
2023-03-30,88.368
2023-03-31,88.354
2023-04-03,88.453
2023-04-05,88.7222
2023-04-06,88.29
2023-04-07,88.29
2023-04-08,88.29
2023-04-10,88.29
2023-04-11,88.424
2023-04-12,88.716
2023-04-13,89.1592
2023-04-17,88.9124
2023-04-18,89.0443
2023-04-19,89.0443
2023-04-20,89.1021
2023-04-21,89.0679
2023-04-24,89.2678
2023-04-25,89.299
2023-04-26,89.308
2023-04-27,89.308
2023-04-28,88.853
2023-04-29,88.853
2023-05-01,88.853
2023-05-02,88.7085
2023-05-03,89.2367
2023-05-04,89.4809
2023-05-05,89.047
2023-05-08,89.3381
2023-05-09,89.1334
2023-05-10,88.864
2023-05-11,88.6853
2023-05-12,88.631
2023-05-13,88.631
2023-05-15,88.5656
2023-05-16,88.569
2023-05-17,88.2771
2023-05-18,88.2576
2023-05-19,88.2342
2023-05-20,88.2342
2023-05-22,88.5963
2023-05-23,88.2675
2023-05-24,87.876
2023-05-25,87.7007
2023-05-26,87.7601
2023-05-28,87.7601
2023-05-29,87.505
2023-05-30,87.742
2023-05-31,87.316
2023-06-01,87.277
2023-06-02,87.5868
2023-06-03,87.5868
2023-06-05,87.3176
2023-06-06,87.375
2023-06-07,87.4082
2023-06-08,87.587
2023-06-09,87.7327
2023-06-10,87.7327
2023-06-11,87.7327
2023-06-12,87.7963
2023-06-13,87.9431
2023-06-14,87.7525
2023-06-15,88.0048
2023-06-16,88.6106
2023-06-18,88.6106
2023-06-19,88.5085
2023-06-20,88.738
2023-06-21,88.5249
2023-06-22,89.1574
2023-06-23,88.0906
2023-06-24,88.0906
2023-06-26,88.4456
2023-06-27,88.8174
2023-06-28,88.8554
2023-06-29,88.582
2023-06-30,88.012
2023-07-02,88.012
2023-07-03,88.2477
2023-07-04,88.3595
2023-07-05,88.428
2023-07-06,88.83
2023-07-07,89.149
2023-07-08,89.149
2023-07-09,89.149
2023-07-10,89.5351
2023-07-11,89.6991
2023-07-12,89.671
2023-07-13,91.5042
2023-07-14,91.1437
2023-07-15,91.1437
2023-07-17,91.1417
2023-07-18,91.3539
2023-07-19,91.096
2023-07-20,90.9284
2023-07-21,90.2221
2023-07-22,90.2221
2023-07-23,90.2221
2023-07-24,89.8074
2023-07-25,89.3535
2023-07-26,89.8751
2023-07-27,90.241
2023-07-28,89.39
2023-07-29,89.39
2023-07-30,89.39
2023-07-31,89.7959
2023-08-01,89.3484
2023-08-02,89.681
2023-08-03,89.4829
2023-08-04,89.616
2023-08-05,89.616
2023-08-06,89.616
2023-08-07,89.7772
2023-08-08,89.6994
2023-08-09,89.923
2023-08-10,90.335
2023-08-11,90.0861
2023-08-12,90.0861
2023-08-13,90.0861
2023-08-14,89.7888
2023-08-15,90.174
2023-08-16,89.849
2023-08-17,89.4716
2023-08-19,89.319
2023-08-20,89.319
2023-08-21,89.5707
2023-08-22,89.3213
2023-08-23,88.421
2023-08-24,88.5876
2023-08-25,88.3125
2023-08-26,88.3125
2023-08-27,88.3125
2023-08-28,88.3342
2023-08-29,88.422
2023-08-30,89.077
2023-08-31,88.9021
2023-09-01,88.7507
2023-09-02,88.7507
2023-09-03,88.7507
2023-09-04,88.3364
2023-09-05,88.2188
2023-09-06,88.2814
2023-09-07,88.0617
2023-09-08,87.8093
2023-09-10,87.8093
2023-09-11,88.0132
2023-09-12,87.8644
2023-09-13,88.0717
2023-09-14,88.0885
2023-09-15,87.4638
2023-09-16,87.4638
2023-09-18,87.7684
2023-09-19,88.01
2023-09-20,88.0926
2023-09-21,87.5388
2023-09-22,87.1786
2023-09-23,87.1786
2023-09-25,87.4295
2023-09-26,87.1655
2023-09-27,86.8212
2023-09-28,86.699
2023-09-29,87.103
2023-09-30,87.103
2023-10-01,87.103
2023-10-02,86.672
2023-10-03,86.175
2023-10-04,86.3846
2023-10-05,86.5575
2023-10-06,86.8479
2023-10-07,86.8479
2023-10-08,86.8479
2023-10-09,86.6708
2023-10-10,87.1667
2023-10-11,87.201
2023-10-12,87.3205
2023-10-13,86.5582
2023-10-14,86.5582
2023-10-16,86.69
2023-10-17,86.8552
2023-10-18,86.899
2023-10-19,86.8597
2023-10-20,86.9867
2023-10-21,86.9867
2023-10-23,87.1991
2023-10-24,87.287
2023-10-25,86.9375
2023-10-26,86.6946
2023-10-27,86.858
2023-10-28,86.858
2023-10-29,86.858
2023-10-30,87.1195
2023-10-31,87.7014
2023-11-01,86.854
2023-11-02,87.5239
2023-11-03,87.6108
2023-11-04,87.6108
2023-11-06,88.4591
2023-11-07,87.8652
2023-11-08,87.9086
2023-11-09,88.023
2023-11-10,87.9352
2023-11-11,87.9352
2023-11-12,87.9352
2023-11-13,88.047
2023-11-14,88.21
2023-11-15,89.291
2023-11-16,89.3118
2023-11-17,89.4732
2023-11-18,89.4732
2023-11-19,89.4732
2023-11-20,90.023
2023-11-21,90.152
2023-11-22,89.7928
2023-11-23,89.9165
2023-11-24,89.9833
2023-11-25,89.9833
2023-11-27,90.313
2023-11-28,90.2587
2023-11-29,90.475
2023-11-30,90.03
2023-12-01,89.747
2023-12-02,89.747
2023-12-03,89.747
2023-12-04,89.625
2023-12-05,89.1295
2023-12-06,88.8204
2023-12-07,88.7919
2023-12-08,88.9095
2023-12-09,88.9095
2023-12-10,88.9095
2023-12-11,88.7782
2023-12-12,88.9957
2023-12-13,88.9502
2023-12-14,90.0829
2023-12-15,90.0414
2023-12-16,90.0414
2023-12-18,89.627
2023-12-19,89.9923
2023-12-20,89.9722
2023-12-21,90.4127
2023-12-22,90.6702
2023-12-23,90.6702
2023-12-24,90.6702
2023-12-25,90.6702
2023-12-27,91.1812
2023-12-28,91.509
2023-12-29,91.142
2023-12-30,91.142
2023-12-31,91.142
2024-01-01,91.142
2024-01-02,91.142
2024-01-03,90.263
2024-01-04,90.1139
2024-01-05,89.7557
2024-01-06,89.7557
2024-01-07,89.7557
2024-01-08,89.9444
2024-01-09,89.9444
2024-01-10,89.8669
2024-01-11,90.1367
2024-01-12,89.7851
2024-01-13,89.7851
2024-01-15,89.7067
2024-01-16,89.567
2024-01-17,89.567
2024-01-18,89.5081
2024-01-19,89.4372
2024-01-20,89.4372
2024-01-21,89.4372
2024-01-22,89.53
2024-01-23,89.3228
2024-01-24,89.5481
2024-01-25,89.5471
2024-01-26,89.306
2024-01-27,89.306
2024-01-28,89.306
2024-01-29,89.001
2024-01-30,88.936
2024-01-31,89.0108
2024-02-01,88.6769
2024-02-02,89.2182
2024-02-04,89.2182
2024-02-05,88.3244
2024-02-06,88.1874
2024-02-07,88.1874
2024-02-08,88.283
2024-02-09,88.4184
2024-02-10,88.4184
2024-02-11,88.4184
2024-02-12,88.283
2024-02-13,88.413
2024-02-14,87.91
2024-02-15,88.1148
2024-02-16,88.4613
2024-02-17,88.4613
2024-02-19,88.482
2024-02-20,88.5561
2024-02-21,88.6082
2024-02-22,88.9923
2024-02-23,88.9923
2024-02-24,88.9923
2024-02-26,88.9427
2024-02-27,88.9427
2024-02-28,88.675
2024-02-29,88.817
2024-03-01,88.68
2024-03-02,88.68
2024-03-04,88.984
2024-03-05,88.9423
2024-03-06,88.9423
2024-03-07,89.1302
2024-03-08,89.404
2024-03-09,89.404
2024-03-11,89.5564
2024-03-12,89.5084
2024-03-13,89.525
2024-03-14,89.5932
2024-03-15,89.301
2024-03-16,89.301
2024-03-17,89.301
2024-03-18,89.3886
2024-03-19,89.0798
2024-03-20,89.1345
2024-03-21,89.7085
2024-03-22,89.456
2024-03-23,89.456
2024-03-25,89.292
2024-03-26,89.4296
2024-03-27,89.181
2024-03-28,88.9196
2024-03-29,88.9196
2024-03-30,88.9196
2024-03-31,88.9196
2024-04-01,88.9196
2024-04-02,88.632
2024-04-03,88.9069
2024-04-04,89.6211
2024-04-05,89.2376
2024-04-06,89.2376
2024-04-07,89.2376
2024-04-08,89.2372
2024-04-09,89.343
2024-04-10,89.343
2024-04-11,88.457
2024-04-12,87.7825
2024-04-13,87.7825
2024-04-15,87.9197
2024-04-16,87.85
2024-04-17,88.013
2024-04-18,88.1791
2024-04-19,87.8794
2024-04-20,87.8794
2024-04-21,87.8794
2024-04-22,87.7849
2024-04-23,87.825
2024-04-24,88.0502
2024-04-25,88.0502
2024-04-26,88.3894
2024-04-27,88.3894
2024-04-28,88.3894
2024-04-29,88.4668
2024-04-30,88.5369
2024-05-01,88.5369
2024-05-02,88.2879
2024-05-03,88.655
2024-05-04,88.655
2024-05-05,88.655
2024-05-06,88.98
2024-05-07,88.9263
2024-05-08,88.7701
2024-05-09,88.692
2024-05-10,89.0047
2024-05-11,89.0047
2024-05-12,89.0047
2024-05-13,89.054
2024-05-14,89.1643
2024-05-15,89.1643
2024-05-16,89.7812
2024-05-17,89.3108
2024-05-18,89.3108
2024-05-19,89.3108
2024-05-20,89.542
2024-05-21,89.4949
2024-05-22,89.2318
2024-05-23,89.258
2024-05-24,89.1048
2024-05-25,89.1048
2024-05-26,89.1048
2024-05-27,89.2525
2024-05-28,89.4899
2024-05-29,89.3908
2024-05-30,89.09
2024-05-31,89.565
2024-06-01,89.565
2024-06-03,89.0948
2024-06-04,89.797
2024-06-05,89.5822
2024-06-06,89.7914
2024-06-07,89.8442
2024-06-08,89.8442
2024-06-09,89.8442
2024-06-10,88.672
2024-06-11,88.74
2024-06-12,88.845
2024-06-13,89.1746
2024-06-14,88.3723
2024-06-15,88.3723
2024-06-16,88.3723
2024-06-17,88.462
2024-06-18,88.3853
2024-06-19,88.6511
2024-06-20,88.7374
2024-06-21,88.1915
2024-06-22,88.1915
2024-06-23,88.1915
2024-06-24,88.5655
2024-06-25,88.4674
2024-06-26,88.3238
2024-06-27,88.3452
2024-06-28,88.235
2024-06-30,88.235
2024-07-01,88.735
2024-07-02,88.4498
2024-07-03,88.8552
2024-07-04,89.1651
2024-07-05,89.409
2024-07-06,89.409
2024-07-07,89.409
2024-07-08,89.4135
2024-07-09,89.3462
2024-07-10,89.38
2024-07-11,89.65
2024-07-12,89.9612
2024-07-13,89.9612
2024-07-14,89.9612
2024-07-15,90.1902
2024-07-16,90.0837
2024-07-17,90.329
2024-07-18,90.4399
2024-07-19,90.0584
2024-07-20,90.0584
2024-07-21,90.0584
2024-07-22,90.106
2024-07-23,89.9233
2024-07-24,89.7607
2024-07-25,89.8342
2024-07-26,89.8906
2024-07-27,89.8906
2024-07-28,89.8906
2024-07-29,89.7349
2024-07-30,89.6979
2024-07-31,89.637
2024-08-01,89.316
2024-08-02,89.625
2024-08-03,89.625
2024-08-04,89.625
2024-08-05,91.005
2024-08-06,90.5752
2024-08-07,90.6739
2024-08-08,90.7271
2024-08-09,90.6402
2024-08-10,90.6402
2024-08-12,90.7418
2024-08-13,90.7269
2024-08-14,91.523
2024-08-15,91.432
2024-08-16,91.2907
2024-08-17,91.2907
2024-08-19,91.5671
2024-08-20,91.8574
2024-08-21,92.3382
2024-08-22,92.5598
2024-08-23,92.2801
2024-08-24,92.2801
2024-08-26,92.7191
2024-08-27,92.7232
2024-08-28,92.369
2024-08-29,92.0384
2024-08-30,91.9099
2024-08-31,91.9099
2024-09-02,91.8993
2024-09-03,91.6551
2024-09-04,91.843
2024-09-05,92.209
2024-09-06,92.316
2024-09-07,92.316
2024-09-08,92.316
2024-09-09,91.682
2024-09-10,91.7131
2024-09-11,91.7508
2024-09-12,91.54
2024-09-13,92.045
2024-09-14,92.045
2024-09-15,92.045
2024-09-16,92.17
2024-09-17,92.1944
2024-09-18,92.193
2024-09-19,92.4351
2024-09-20,92.2667
2024-09-21,92.2667
2024-09-22,92.2667
2024-09-23,91.8359
2024-09-24,92.0982
2024-09-25,92.5664
2024-09-26,92.3607
2024-09-27,92.414
2024-09-30,92.513
2024-10-01,91.926
2024-10-02,91.954
2024-10-03,91.7073
2024-10-04,91.535
2024-10-05,91.535
2024-10-07,91.08
2024-10-08,91.177
2024-10-09,91.1
2024-10-10,90.8398
2024-10-11,90.9076
2024-10-12,90.9076
2024-10-14,90.8297
2024-10-15,90.6215
2024-10-16,90.5
2024-10-17,90.3342
2024-10-18,90.17
2024-10-19,90.17
2024-10-20,90.17
2024-10-21,90.1907
2024-10-22,90.043
2024-10-23,89.702
2024-10-24,89.7889
2024-10-25,90.0043
2024-10-28,89.9639
2024-10-29,89.778
2024-10-30,90.0178
2024-10-31,90.3
2024-11-01,90.406
2024-11-02,90.406
2024-11-03,90.406
2024-11-04,90.7863
2024-11-05,90.678
2024-11-06,89.61
2024-11-07,89.782
2024-11-08,89.98
2024-11-09,89.98
2024-11-11,88.95
2024-11-12,88.674
2024-11-13,88.7128
2024-11-14,87.8673
2024-11-15,87.8673
2024-11-16,87.8673
2024-11-18,87.9575
2024-11-19,88.196
2024-11-20,88.042
2024-11-21,87.8835
2024-11-22,86.9247
2024-11-23,86.9247
2024-11-25,87.3504
2024-11-26,87.619
2024-11-27,87.888
2024-11-28,88.085
2024-11-29,88.343
2024-11-30,88.343
2024-12-01,88.343
2024-12-02,88.141
2024-12-03,88.097
2024-12-04,88.03
2024-12-05,88.222
2024-12-06,88.657
2024-12-07,88.657
2024-12-08,88.657
2024-12-09,88.5544
2024-12-10,88.365
2024-12-11,88.063
2024-12-12,88.11
2024-12-13,87.907
2024-12-14,87.907
2024-12-15,87.907
2024-12-16,88.0546
2024-12-17,88.123
2024-12-18,88.203
2024-12-19,87.5224
2024-12-20,87.346
2024-12-21,87.346
2024-12-22,87.346
2024-12-23,87.573
2024-12-24,87.483
2024-12-25,87.483
2024-12-27,88.309
2024-12-28,88.309
2024-12-29,88.309
2024-12-30,88.377
2024-12-31,88.124
2025-01-02,87.632
2025-01-03,87.363
2025-01-04,87.363
2025-01-05,87.363
2025-01-06,88.336
2025-01-07,88.254
2025-01-08,87.419
2025-01-09,87.419
2025-01-10,87.657
2025-01-11,87.657
2025-01-13,87.424
2025-01-14,87.741
2025-01-15,88.027
2025-01-16,88.055
2025-01-17,88.211
2025-01-18,88.211
2025-01-19,88.211
2025-01-20,88.325
2025-01-21,88.608
2025-01-22,89.286
2025-01-23,88.88
2025-01-24,89.4
2025-01-25,89.4
2025-01-26,89.4
2025-01-27,89.678
2025-01-28,89.178
2025-01-29,89.068
2025-01-30,88.99
2025-01-31,88.831
2025-02-01,88.831
2025-02-02,88.831
2025-02-03,88.326
2025-02-04,88.947
2025-02-05,90.063
2025-02-06,89.721
2025-02-07,89.82
2025-02-08,89.82
2025-02-09,89.82
2025-02-10,89.23
2025-02-11,88.5
2025-02-12,89.107
2025-02-13,89.402
2025-02-14,89.752
2025-02-15,89.752
2025-02-17,90.021
2025-02-18,89.926
2025-02-19,89.526
2025-02-20,89.401
2025-02-21,89.401
2025-02-22,89.401
2025-02-23,89.401
2025-02-24,89.736
2025-02-25,90.42
2025-02-26,90.409
2025-02-27,90.283
2025-02-28,89.925
2025-03-02,89.925
2025-03-03,90.287
2025-03-04,90.98
2025-03-05,92.031
2025-03-06,93.012
2025-03-07,93.288
2025-03-08,93.288
2025-03-10,93.821
2025-03-11,94.098
2025-03-12,94.082
2025-03-13,93.487
2025-03-14,93.717
2025-03-15,93.717
2025-03-16,93.717
2025-03-17,93.658
2025-03-18,93.449
2025-03-19,93.138
2025-03-20,92.622
2025-03-21,92.622
2025-03-22,92.622
2025-03-24,91.685
2025-03-25,91.729
2025-03-26,91.455
2025-03-27,91.468
2025-03-28,91.054
2025-03-29,91.054
2025-03-31,91.47
2025-04-01,91.518
2025-04-02,91.27
2025-04-03,93.362
2025-04-04,93.105
2025-04-05,93.105
2025-04-06,93.105
2025-04-07,93.082
2025-04-08,93.195
2025-04-09,94.782
2025-04-10,94.417
2025-04-11,96.603
2025-04-12,96.603
2025-04-13,96.603
2025-04-14,96.914
2025-04-15,96.213
2025-04-16,96.231
2025-04-17,95.972
2025-04-22,96.822
2025-04-23,96.338
2025-04-24,96.05
2025-04-25,95.938
2025-04-28,95.469
2025-04-29,95.916
2025-04-30,95.021
2025-05-01,95.021
2025-05-02,94.762
2025-05-03,94.762
2025-05-04,94.762
2025-05-05,94.699
2025-05-06,94.54
2025-05-07,95.28
2025-05-08,95.58
2025-05-09,94.979
2025-05-10,94.979
2025-05-11,94.979
2025-05-12,93.117
2025-05-13,93.721
2025-05-14,94.718
2025-05-16,94.748
2025-05-17,94.748
2025-05-18,94.748
2025-05-19,95.306
2025-05-20,95.181
2025-05-21,95.93
2025-05-22,96.046
2025-05-23,95.748
2025-05-25,95.748
2025-05-26,95.843
2025-05-27,95.835
2025-05-28,95.653
2025-05-29,95.51
2025-05-30,95.964
2025-06-01,95.964
2025-06-02,96.49
2025-06-03,96.651
2025-06-04,96.742
2025-06-05,96.944
2025-06-06,96.805
2025-06-07,96.805
2025-06-08,96.805
2025-06-09,96.887
2025-06-10,96.779
2025-06-11,96.868
2025-06-12,98.075
2025-06-13,98
2025-06-14,98
2025-06-16,98.546
2025-06-17,98.718
2025-06-18,98.349
2025-06-19,98.524
2025-06-20,98.766
2025-06-21,98.766
2025-06-22,98.766
2025-06-23,98.428
2025-06-24,98.734
2025-06-25,98.887
2025-06-26,99.35
2025-06-27,99.168
2025-06-28,99.168
2025-06-29,99.168
2025-06-30,99.614
2025-07-01,99.964
2025-07-02,99.815
2025-07-03,99.559
2025-07-04,99.517
2025-07-05,99.517
2025-07-06,99.517
2025-07-07,99.678
2025-07-08,99.451
2025-07-09,99.234
2025-07-10,99.437
2025-07-11,99.238
2025-07-12,99.238
2025-07-13,99.238
2025-07-14,99.481
2025-07-15,99.24
2025-07-16,98.812
2025-07-17,98.702
2025-07-18,99.207
2025-07-19,99.207
2025-07-20,99.207
2025-07-21,99.48
2025-07-22,100.051
2025-07-23,100.317
2025-07-24,100.481
2025-07-25,100.509
2025-07-26,100.509
2025-07-27,100.509
2025-07-28,99.981
2025-07-29,99.412
2025-07-30,99.867
2025-07-31,99.192
2025-08-01,98.813
2025-08-02,98.813
2025-08-03,98.813
2025-08-04,100.404
2025-08-05,100.27
2025-08-06,100.909
2025-08-07,101.085
2025-08-08,100.887
2025-08-09,100.887
2025-08-11,101.08
2025-08-12,100.777
2025-08-13,101.457
2025-08-14,101.35
2025-08-15,101.202
2025-08-17,101.202
2025-08-18,100.991
2025-08-19,100.765
2025-08-20,100.346
2025-08-21,100.594
2025-08-22,100.41
2025-08-23,100.41
2025-08-24,100.41
2025-08-25,101.3
2025-08-26,101.041
2025-08-27,100.679
2025-08-28,101.182
2025-08-29,101.847
2025-08-30,101.847
2025-08-31,101.847
2025-09-01,102.326
2025-09-02,101.621
2025-09-03,101.622
2025-09-04,101.647
2025-09-05,102.195
2025-09-06,102.195
2025-09-08,102.164
2025-09-09,102.551
2025-09-10,102.109
2025-09-11,102.302
2025-09-12,102.504
2025-09-13,102.504
2025-09-14,102.504
2025-09-15,102.582
2025-09-16,102.949
2025-09-17,102.916
2025-09-18,103.234
2025-09-19,102.559
2025-09-20,102.559
2025-09-22,102.899
2025-09-23,103.609
2025-09-24,103.315
2025-09-25,103.126
2025-09-26,102.403
2025-09-27,102.403
2025-09-29,102.955
2025-09-30,103.417
2025-10-01,103.018
2025-10-02,103.325
2025-10-03,103.271
2025-10-04,103.271
2025-10-06,102.535
2025-10-07,102.561
2025-10-08,102.18
2025-10-09,102.116
2025-10-10,101.603
2025-10-11,101.603
2025-10-12,101.603
2025-10-13,102.648
2025-10-14,102.561
2025-10-15,102.561
2025-10-16,102.399
2025-10-17,102.897
2025-10-18,102.897
2025-10-19,102.897
2025-10-20,102.395
2025-10-21,102.152
2025-10-22,101.683
2025-10-23,101.778
2025-10-24,101.899
2025-10-26,101.899
2025-10-27,102.697
2025-10-28,102.852
2025-10-29,102.609
2025-10-30,102.783
2025-10-31,102.544
2025-11-01,102.544
2025-11-03,102.163
2025-11-04,101.861
2025-11-05,101.952
2025-11-06,102.051
2025-11-07,102.442
2025-11-09,102.442
2025-11-10,102.505
2025-11-11,102.439
2025-11-12,102.656
2025-11-13,102.901
2025-11-14,103.035
2025-11-15,103.035
2025-11-17,102.729
2025-11-18,102.547
2025-11-19,102.541
2025-11-20,102.112
2025-11-21,102.969
2025-11-22,102.932139
